{"type":"FeatureCollection","features":[{"type":"Feature","id":"36095","properties":{"key":"schoharie","st":"NY","name":"Schoharie","fips":"36095"},"geometry":{"type":"Polygon","coordinates":[[[-74.64863,42.8292],[-74.56249,42.81288],[-74.45481,42.77336],[-74.28971,42.78367],[-74.26458,42.79656],[-74.2574,42.75704],[-74.30406,42.74759],[-74.27176,42.71409],[-74.18562,42.71237],[-74.18203,42.72955],[-74.16408,42.71752],[-74.19279,42.61873],[-74.24304,42.55087],[-74.22869,42.49417],[-74.26458,42.42029],[-74.25381,42.40826],[-74.24304,42.37734],[-74.34713,42.35586],[-74.37944,42.3739],[-74.44404,42.355],[-74.61992,42.42458],[-74.71324,42.51822],[-74.63069,42.62646],[-74.66658,42.75103],[-74.64863,42.8292]]]}},{"type":"Feature","id":"24043","properties":{"key":"washington","st":"MD","name":"Washington","fips":"24043"},"geometry":{"type":"Polygon","coordinates":[[[-78.34202,39.72284],[-78.09795,39.72284],[-77.46982,39.72027],[-77.5093,39.68418],[-77.49136,39.67645],[-77.52007,39.64037],[-77.57032,39.61976],[-77.59903,39.54072],[-77.62416,39.50722],[-77.61698,39.46942],[-77.678,39.32424],[-77.72107,39.32166],[-77.75696,39.33369],[-77.73543,39.38781],[-77.75337,39.42475],[-77.78568,39.43506],[-77.79645,39.48145],[-77.82516,39.49433],[-77.82516,39.52955],[-77.86105,39.51409],[-77.88977,39.5579],[-77.83234,39.57079],[-77.83234,39.60257],[-77.88259,39.59914],[-77.94361,39.6189],[-78.00821,39.60171],[-78.02257,39.61976],[-78.09795,39.67817],[-78.18409,39.69535],[-78.26664,39.6189],[-78.33484,39.63608],[-78.34202,39.67559],[-78.3133,39.69278],[-78.34202,39.72284]]]}},{"type":"Feature","id":"42075","properties":{"key":"lebanon","st":"PA","name":"Lebanon","fips":"42075"},"geometry":{"type":"Polygon","coordinates":[[[-76.5366,40.55527],[-76.43969,40.496],[-76.15255,40.31559],[-76.30689,40.25546],[-76.4361,40.23828],[-76.56532,40.19704],[-76.62634,40.33965],[-76.67659,40.47452],[-76.5366,40.55527]]]}},{"type":"Feature","id":"24001","properties":{"key":"allegany","st":"MD","name":"Allegany","fips":"24001"},"geometry":{"type":"Polygon","coordinates":[[[-78.92707,39.72284],[-78.80863,39.72284],[-78.3815,39.72284],[-78.34202,39.72284],[-78.3133,39.69278],[-78.34202,39.67559],[-78.33484,39.63608],[-78.3815,39.6292],[-78.38509,39.60859],[-78.43534,39.61804],[-78.39586,39.59055],[-78.44252,39.59141],[-78.41739,39.54931],[-78.46764,39.51667],[-78.56814,39.5201],[-78.59327,39.53557],[-78.65788,39.53471],[-78.72607,39.56392],[-78.73325,39.58625],[-78.77991,39.60171],[-78.73325,39.61374],[-78.77991,39.62233],[-78.91631,39.4866],[-78.95579,39.44021],[-79.06706,39.47457],[-78.92707,39.72284]]]}},{"type":"Feature","id":"36099","properties":{"key":"seneca","st":"NY","name":"Seneca","fips":"36099"},"geometry":{"type":"Polygon","coordinates":[[[-76.96373,43.01304],[-76.71248,43.02421],[-76.7376,42.95462],[-76.71607,42.83865],[-76.74119,42.78969],[-76.73043,42.71323],[-76.68376,42.67028],[-76.66582,42.62303],[-76.61916,42.56633],[-76.58685,42.55001],[-76.69812,42.54657],[-76.89553,42.54142],[-76.89553,42.6634],[-76.93501,42.71581],[-76.94578,42.76477],[-76.97091,42.76391],[-76.98168,42.85669],[-76.96373,42.87301],[-76.96373,43.01304]]]}},{"type":"Feature","id":"36073","properties":{"key":"orleans","st":"NY","name":"Orleans","fips":"36073"},"geometry":{"type":"Polygon","coordinates":[[[-78.46405,43.37127],[-78.37073,43.37642],[-78.23434,43.36869],[-78.10512,43.37556],[-77.99386,43.36526],[-77.99745,43.13331],[-78.46405,43.12901],[-78.46405,43.37127]]]}},{"type":"Feature","id":"36117","properties":{"key":"wayne","st":"NY","name":"Wayne","fips":"36117"},"geometry":{"type":"Polygon","coordinates":[[[-77.3765,43.27763],[-77.26523,43.27763],[-77.11089,43.28794],[-77.03552,43.27162],[-76.95296,43.27076],[-76.90271,43.29224],[-76.79503,43.30942],[-76.72325,43.34378],[-76.70171,43.08005],[-76.71248,43.02421],[-76.96373,43.01304],[-77.13243,43.01218],[-77.13602,43.03967],[-77.37291,43.03452],[-77.3765,43.27763]]]}},{"type":"Feature","id":"51820","properties":{"key":"waynesboro","st":"VA","name":"Waynesboro","fips":"51820"},"geometry":{"type":"Polygon","coordinates":[[[-78.94861,38.06915],[-78.90554,38.10008],[-78.86606,38.09578],[-78.87323,38.0408],[-78.92348,38.03135],[-78.94861,38.06915]]]}},{"type":"Feature","id":"24011","properties":{"key":"caroline","st":"MD","name":"Caroline","fips":"24011"},"geometry":{"type":"Polygon","coordinates":[[[-75.94796,38.91876],[-75.94078,38.97632],[-75.89053,39.01841],[-75.84746,39.07168],[-75.83669,39.10861],[-75.74696,39.14298],[-75.72183,38.83028],[-75.70748,38.63527],[-75.76132,38.68596],[-75.79721,38.67651],[-75.83669,38.704],[-75.94437,38.67393],[-76.01616,38.72891],[-75.96591,38.77959],[-75.89771,38.81224],[-75.94796,38.8844],[-75.94796,38.91876]]]}},{"type":"Feature","id":"42007","properties":{"key":"beaver","st":"PA","name":"Beaver","fips":"42007"},"geometry":{"type":"Polygon","coordinates":[[[-80.52072,40.6386],[-80.52072,40.85165],[-80.1582,40.85508],[-80.14743,40.67468],[-80.14384,40.61369],[-80.17974,40.60939],[-80.3592,40.47796],[-80.52072,40.4771],[-80.52072,40.6386]]]}},{"type":"Feature","id":"51595","properties":{"key":"emporia","st":"VA","name":"Emporia","fips":"51595"},"geometry":{"type":"Polygon","coordinates":[[[-77.55596,36.71356],[-77.52007,36.7127],[-77.5093,36.68263],[-77.55596,36.6749],[-77.55596,36.71356]]]}},{"type":"Feature","id":"51530","properties":{"key":"buena vista","st":"VA","name":"Buena Vista","fips":"51530"},"geometry":{"type":"Polygon","coordinates":[[[-79.38291,37.74185],[-79.33266,37.75989],[-79.32548,37.74357],[-79.37215,37.69546],[-79.38291,37.74185]]]}},{"type":"Feature","id":"51590","properties":{"key":"danville","st":"VA","name":"Danville","fips":"51590"},"geometry":{"type":"Polygon","coordinates":[[[-79.34343,36.54089],[-79.46906,36.54089],[-79.45829,36.57697],[-79.51931,36.6036],[-79.50136,36.6182],[-79.4224,36.60102],[-79.39727,36.64397],[-79.36497,36.60789],[-79.33266,36.60188],[-79.30395,36.57009],[-79.33625,36.57181],[-79.34343,36.54089]]]}},{"type":"Feature","id":"51640","properties":{"key":"galax","st":"VA","name":"Galax","fips":"51640"},"geometry":{"type":"Polygon","coordinates":[[[-80.93349,36.67146],[-80.91913,36.6938],[-80.87965,36.69294],[-80.91554,36.64999],[-80.93349,36.67146]]]}},{"type":"Feature","id":"51660","properties":{"key":"harrisonburg","st":"VA","name":"Harrisonburg","fips":"51660"},"geometry":{"type":"Polygon","coordinates":[[[-78.91631,38.43769],[-78.86964,38.47978],[-78.83375,38.45315],[-78.82657,38.42051],[-78.88041,38.41192],[-78.91272,38.39044],[-78.91631,38.43769]]]}},{"type":"Feature","id":"51690","properties":{"key":"martinsville","st":"VA","name":"Martinsville","fips":"51690"},"geometry":{"type":"Polygon","coordinates":[[[-79.90336,36.68435],[-79.88183,36.71184],[-79.83875,36.70411],[-79.83158,36.64655],[-79.86029,36.64999],[-79.90336,36.68435]]]}},{"type":"Feature","id":"51540","properties":{"key":"charlottesville","st":"VA","name":"Charlottesville","fips":"51540"},"geometry":{"type":"Polygon","coordinates":[[[-78.52148,38.0262],[-78.48559,38.06915],[-78.4497,38.05884],[-78.45329,38.0219],[-78.51789,38.01074],[-78.52148,38.0262]]]}},{"type":"Feature","id":"51099","properties":{"key":"king george","st":"VA","name":"King George","fips":"51099"},"geometry":{"type":"Polygon","coordinates":[[[-77.28677,38.34921],[-77.2401,38.33202],[-77.16114,38.34577],[-77.1396,38.36811],[-77.08577,38.36811],[-77.04269,38.40075],[-77.01039,38.37498],[-77.03193,38.31141],[-76.99603,38.2779],[-77.04628,38.26072],[-77.04628,38.20059],[-77.06064,38.16193],[-77.11448,38.1499],[-77.18985,38.17482],[-77.21498,38.19715],[-77.25446,38.18942],[-77.25087,38.2298],[-77.22575,38.24182],[-77.32625,38.24526],[-77.34419,38.26158],[-77.32266,38.34577],[-77.28677,38.34921]]]}},{"type":"Feature","id":"51159","properties":{"key":"richmond","st":"VA","name":"Richmond","fips":"51159,51760"},"geometry":{"type":"MultiPolygon","coordinates":[[[[-76.9386,38.07688],[-76.87759,38.12413],[-76.82375,38.06486],[-76.75914,38.03221],[-76.76632,38.00129],[-76.65505,37.98239],[-76.63351,37.96692],[-76.55455,37.9317],[-76.54737,37.86899],[-76.50789,37.83892],[-76.56532,37.83721],[-76.58685,37.81143],[-76.64069,37.79254],[-76.68018,37.82604],[-76.72325,37.83635],[-76.79862,37.92483],[-76.8381,37.93428],[-76.85246,37.97294],[-76.9063,37.99871],[-76.9386,38.07688]]],[[[-77.59545,37.55543],[-77.53084,37.55887],[-77.54161,37.58121],[-77.47341,37.57863],[-77.43752,37.59839],[-77.39444,37.55028],[-77.39444,37.50475],[-77.41598,37.51678],[-77.41957,37.44719],[-77.50571,37.46781],[-77.52725,37.53224],[-77.59545,37.53482],[-77.59545,37.55543]]]]}},{"type":"Feature","id":"51169","properties":{"key":"scott","st":"VA","name":"Scott","fips":"51169"},"geometry":{"type":"Polygon","coordinates":[[[-82.77121,36.80032],[-82.74967,36.83297],[-82.69942,36.81664],[-82.65635,36.84499],[-82.63481,36.8785],[-82.40151,36.88451],[-82.4051,36.87678],[-82.35485,36.7797],[-82.33331,36.70926],[-82.29383,36.59586],[-82.60969,36.59415],[-82.83222,36.59415],[-82.98656,36.59415],[-82.94708,36.67576],[-82.82505,36.73331],[-82.82864,36.74706],[-82.77121,36.80032]]]}},{"type":"Feature","id":"42121","properties":{"key":"venango","st":"PA","name":"Venango","fips":"42121"},"geometry":{"type":"Polygon","coordinates":[[[-80.00027,41.48993],[-79.9572,41.51312],[-79.89259,41.57412],[-79.82799,41.60246],[-79.82799,41.62222],[-79.61263,41.61707],[-79.61263,41.62394],[-79.51213,41.6248],[-79.51213,41.46502],[-79.5229,41.44096],[-79.47982,41.4401],[-79.47624,41.38684],[-79.47982,41.3353],[-79.54084,41.33616],[-79.54084,41.32069],[-79.60545,41.32155],[-79.60545,41.27688],[-79.65211,41.25369],[-79.64852,41.21761],[-79.69518,41.17294],[-80.00027,41.17208],[-80.00027,41.48993]]]}},{"type":"Feature","id":"51023","properties":{"key":"botetourt","st":"VA","name":"Botetourt","fips":"51023"},"geometry":{"type":"Polygon","coordinates":[[[-80.07565,37.42228],[-80.04693,37.4429],[-80.01104,37.51076],[-79.96797,37.54427],[-80.02899,37.62416],[-80.02181,37.64735],[-79.91772,37.70147],[-79.81722,37.80113],[-79.67365,37.76333],[-79.688,37.73498],[-79.67006,37.67398],[-79.68441,37.66196],[-79.57315,37.59581],[-79.57674,37.58035],[-79.49777,37.5331],[-79.56597,37.48757],[-79.5875,37.44977],[-79.63416,37.45664],[-79.65929,37.48499],[-79.69159,37.4764],[-79.7562,37.42572],[-79.81363,37.40338],[-79.77774,37.3819],[-79.7885,37.35098],[-79.84593,37.30974],[-79.86747,37.32864],[-80.06129,37.40854],[-80.07565,37.42228]]]}},{"type":"Feature","id":"51199","properties":{"key":"york","st":"VA","name":"York","fips":"51199"},"geometry":{"type":"Polygon","coordinates":[[[-76.65864,37.38019],[-76.60121,37.31404],[-76.49712,37.24102],[-76.472,37.21611],[-76.39303,37.22556],[-76.39662,37.16456],[-76.41457,37.15597],[-76.39662,37.10701],[-76.4361,37.09498],[-76.46123,37.10271],[-76.51507,37.17831],[-76.56532,37.2204],[-76.59044,37.21353],[-76.60121,37.23844],[-76.66223,37.25133],[-76.68018,37.29256],[-76.70889,37.2771],[-76.72684,37.30631],[-76.75555,37.35441],[-76.74119,37.36988],[-76.673,37.3673],[-76.65864,37.38019]]]}},{"type":"Feature","id":"51157","properties":{"key":"rappahannock","st":"VA","name":"Rappahannock","fips":"51157"},"geometry":{"type":"Polygon","coordinates":[[[-78.28459,38.75898],[-78.25229,38.75726],[-78.18409,38.79248],[-78.15179,38.85433],[-78.13025,38.86464],[-78.05129,38.79935],[-78.02616,38.79592],[-78.01539,38.72719],[-77.93643,38.69627],[-78.09077,38.59747],[-78.17691,38.52102],[-78.23075,38.53219],[-78.33843,38.62754],[-78.3133,38.68252],[-78.33125,38.70228],[-78.32048,38.7375],[-78.28459,38.75898]]]}},{"type":"Feature","id":"51079","properties":{"key":"greene","st":"VA","name":"Greene","fips":"51079"},"geometry":{"type":"Polygon","coordinates":[[[-78.48559,38.42137],[-78.45329,38.47549],[-78.43534,38.44972],[-78.44252,38.4102],[-78.42816,38.36725],[-78.3492,38.27704],[-78.28818,38.27275],[-78.36714,38.18427],[-78.66147,38.2779],[-78.55379,38.3346],[-78.54302,38.36467],[-78.48559,38.42137]]]}},{"type":"Feature","id":"42059","properties":{"key":"greene","st":"PA","name":"Greene","fips":"42059"},"geometry":{"type":"Polygon","coordinates":[[[-80.52072,39.96252],[-80.47406,39.95221],[-80.45252,39.97369],[-80.39509,39.97798],[-80.38074,39.99431],[-80.30895,40.00547],[-80.17615,40.00805],[-80.12949,39.98829],[-80.06129,40.00977],[-80.04693,39.97884],[-79.99668,39.98314],[-80.01104,39.95908],[-79.9572,39.95307],[-79.9249,39.92472],[-79.91413,39.88005],[-79.93925,39.84655],[-79.90695,39.79329],[-79.93566,39.78126],[-79.90336,39.74346],[-79.91772,39.72112],[-80.42022,39.72112],[-80.52072,39.72112],[-80.51713,39.89122],[-80.52072,39.96252]]]}},{"type":"Feature","id":"51750","properties":{"key":"radford","st":"VA","name":"Radford","fips":"51750"},"geometry":{"type":"Polygon","coordinates":[[[-80.53149,37.13364],[-80.58174,37.08982],[-80.59251,37.12762],[-80.55302,37.14652],[-80.53149,37.13364]],[[-80.52072,37.13192],[-80.52072,37.13192]]]}},{"type":"Feature","id":"51109","properties":{"key":"louisa","st":"VA","name":"Louisa","fips":"51109"},"geometry":{"type":"Polygon","coordinates":[[[-78.30613,38.00644],[-78.25229,38.06314],[-78.20921,38.131],[-78.16973,38.12929],[-78.10154,38.15248],[-78.0477,38.13616],[-78.00104,38.13788],[-77.95437,38.11812],[-77.91848,38.11812],[-77.78568,38.07602],[-77.73902,38.03307],[-77.68877,38.00816],[-77.79645,37.72896],[-77.83234,37.75302],[-77.88977,37.76075],[-77.9472,37.84751],[-77.99027,37.85782],[-78.01539,37.89219],[-78.06205,37.90507],[-78.23075,37.97895],[-78.30613,38.00644]]]}},{"type":"Feature","id":"36039","properties":{"key":"greene","st":"NY","name":"Greene","fips":"36039"},"geometry":{"type":"Polygon","coordinates":[[[-74.44404,42.355],[-74.37944,42.3739],[-74.34713,42.35586],[-74.24304,42.37734],[-74.25381,42.40826],[-73.78361,42.4641],[-73.77644,42.42974],[-73.79438,42.37476],[-73.78361,42.28799],[-73.80156,42.25363],[-73.84822,42.23044],[-73.8554,42.19178],[-73.89129,42.16773],[-73.90924,42.12735],[-74.00256,42.17718],[-74.04204,42.1703],[-74.07435,42.09642],[-74.30765,42.11446],[-74.45122,42.16944],[-74.53737,42.20123],[-74.42969,42.34899],[-74.44404,42.355]]]}},{"type":"Feature","id":"36003","properties":{"key":"allegany","st":"NY","name":"Allegany","fips":"36003"},"geometry":{"type":"Polygon","coordinates":[[[-78.30971,42.5208],[-78.03693,42.52166],[-77.83952,42.51736],[-77.83952,42.47441],[-77.72466,42.47097],[-77.72466,42.40397],[-77.74261,42.19264],[-77.74978,41.99849],[-78.20563,41.99935],[-78.30971,41.99935],[-78.30971,42.5208]]]}},{"type":"Feature","id":"51775","properties":{"key":"salem","st":"VA","name":"Salem","fips":"51775"},"geometry":{"type":"Polygon","coordinates":[[[-80.02181,37.30803],[-80.03258,37.2625],[-80.07565,37.25734],[-80.11872,37.28741],[-80.03258,37.32435],[-80.02181,37.30803]]]}},{"type":"Feature","id":"51670","properties":{"key":"hopewell","st":"VA","name":"Hopewell","fips":"51670"},"geometry":{"type":"Polygon","coordinates":[[[-77.33343,37.31232],[-77.28318,37.31318],[-77.25446,37.29342],[-77.30471,37.26164],[-77.32625,37.26679],[-77.33343,37.31232]]]}},{"type":"Feature","id":"51610","properties":{"key":"falls church","st":"VA","name":"Falls Church","fips":"51610"},"geometry":{"type":"Polygon","coordinates":[[[-77.17191,38.89299],[-77.15037,38.87581],[-77.17191,38.89299]]]}},{"type":"Feature","id":"51678","properties":{"key":"lexington","st":"VA","name":"Lexington","fips":"51678"},"geometry":{"type":"Polygon","coordinates":[[[-79.46188,37.78652],[-79.41522,37.78824],[-79.4547,37.76505],[-79.46188,37.78652]]]}},{"type":"Feature","id":"42065","properties":{"key":"jefferson","st":"PA","name":"Jefferson","fips":"42065"},"geometry":{"type":"Polygon","coordinates":[[[-79.21422,41.05009],[-79.21063,41.07844],[-79.21063,41.33186],[-79.10654,41.32585],[-79.09577,41.34045],[-79.02039,41.35076],[-78.97014,41.37653],[-78.95938,41.36193],[-78.73684,41.26314],[-78.71172,41.20214],[-78.76555,41.203],[-78.80504,41.13256],[-78.80504,40.90577],[-79.21422,40.91092],[-79.21422,41.05009]]]}},{"type":"Feature","id":"51049","properties":{"key":"cumberland","st":"VA","name":"Cumberland","fips":"51049"},"geometry":{"type":"Polygon","coordinates":[[[-78.46405,37.33981],[-78.2487,37.63533],[-78.24152,37.69031],[-78.1805,37.74529],[-78.15896,37.74872],[-78.10154,37.71608],[-78.10871,37.68],[-78.07282,37.65766],[-78.08718,37.62845],[-78.13384,37.45492],[-78.18409,37.44462],[-78.23434,37.36816],[-78.32048,37.30888],[-78.34202,37.31919],[-78.39586,37.30545],[-78.46405,37.33981]]]}},{"type":"Feature","id":"42021","properties":{"key":"cambria","st":"PA","name":"Cambria","fips":"42021"},"geometry":{"type":"Polygon","coordinates":[[[-78.97373,40.39635],[-78.85888,40.60424],[-78.80145,40.72451],[-78.3492,40.72451],[-78.41021,40.64461],[-78.44252,40.64118],[-78.44611,40.59135],[-78.48559,40.54067],[-78.53943,40.5063],[-78.56097,40.43844],[-78.56455,40.37057],[-78.62198,40.32676],[-78.65788,40.24257],[-78.884,40.24429],[-78.89477,40.27178],[-78.93425,40.28467],[-79.05629,40.28467],[-78.97373,40.39635]]]}},{"type":"Feature","id":"42071","properties":{"key":"lancaster","st":"PA","name":"Lancaster","fips":"42071"},"geometry":{"type":"Polygon","coordinates":[[[-76.72325,40.11973],[-76.69812,40.15667],[-76.67659,40.14979],[-76.6048,40.19017],[-76.56532,40.19704],[-76.4361,40.23828],[-76.30689,40.25546],[-76.15255,40.31559],[-75.87258,40.13691],[-75.93719,40.11114],[-75.93719,40.03726],[-75.99462,39.95221],[-75.99103,39.86888],[-76.06641,39.75978],[-76.1346,39.72198],[-76.23151,39.72198],[-76.23869,39.72198],[-76.27458,39.77524],[-76.33919,39.82163],[-76.38226,39.87404],[-76.39303,39.91269],[-76.47917,39.94963],[-76.49712,39.99688],[-76.5366,40.051],[-76.5725,40.04585],[-76.66223,40.06303],[-76.72325,40.11973]]]}},{"type":"Feature","id":"51155","properties":{"key":"pulaski","st":"VA","name":"Pulaski","fips":"51155"},"geometry":{"type":"Polygon","coordinates":[[[-80.85452,37.14738],[-80.80068,37.18003],[-80.60686,37.24446],[-80.61404,37.21095],[-80.58892,37.18346],[-80.5279,37.20666],[-80.56379,37.17401],[-80.53149,37.13364],[-80.55302,37.14652],[-80.59251,37.12762],[-80.58174,37.08982],[-80.54226,37.04859],[-80.56738,37.04773],[-80.54226,36.98502],[-80.59609,36.94293],[-80.63558,36.93176],[-80.68224,36.89482],[-80.73967,36.87935],[-80.8617,37.00392],[-80.89401,37.02711],[-80.91195,37.0735],[-80.9299,37.11474],[-80.85452,37.14738]]]}},{"type":"Feature","id":"25025","properties":{"key":"suffolk","st":"MA","name":"Suffolk","fips":"25025"},"geometry":{"type":"Polygon","coordinates":[[[-71.19214,42.28284],[-71.16343,42.30346],[-71.15266,42.29487],[-71.106,42.34899],[-71.15625,42.33009],[-71.1742,42.35071],[-71.13113,42.3739],[-71.10241,42.35242],[-71.07011,42.36789],[-71.02704,42.44434],[-70.96243,42.44348],[-70.99114,42.4074],[-70.95166,42.34383],[-70.99832,42.35242],[-70.99114,42.31291],[-71.04139,42.30346],[-71.05934,42.26738],[-71.11318,42.25879],[-71.13113,42.22786],[-71.19214,42.28284]]]}},{"type":"Feature","id":"25011","properties":{"key":"franklin","st":"MA","name":"Franklin","fips":"25011"},"geometry":{"type":"Polygon","coordinates":[[[-73.02268,42.74072],[-72.92936,42.739],[-72.45917,42.72697],[-72.28329,42.72182],[-72.27252,42.67457],[-72.22945,42.66254],[-72.22945,42.61616],[-72.26534,42.60069],[-72.26893,42.53369],[-72.24381,42.51307],[-72.29047,42.47956],[-72.28329,42.44091],[-72.30483,42.42029],[-72.31559,42.34383],[-72.35508,42.30346],[-72.35508,42.36617],[-72.37661,42.42115],[-72.48429,42.4074],[-72.49147,42.43403],[-72.70324,42.40569],[-72.69965,42.45293],[-72.75708,42.44606],[-72.77502,42.46668],[-72.87193,42.48386],[-72.87552,42.54142],[-72.97602,42.55602],[-72.9509,42.64107],[-72.95449,42.66512],[-72.99397,42.67371],[-72.94731,42.70464],[-73.02268,42.70292],[-73.02268,42.74072]]]}},{"type":"Feature","id":"36075","properties":{"key":"oswego","st":"NY","name":"Oswego","fips":"36075"},"geometry":{"type":"Polygon","coordinates":[[[-76.19921,43.68053],[-76.02333,43.6685],[-76.02333,43.70716],[-75.77567,43.68912],[-75.75773,43.47006],[-75.81516,43.48381],[-75.88694,43.32488],[-75.86182,43.31887],[-75.88335,43.15564],[-75.9336,43.17626],[-75.99462,43.18313],[-76.2028,43.27162],[-76.19562,43.2175],[-76.22433,43.20461],[-76.26023,43.23726],[-76.28176,43.20117],[-76.30689,43.23038],[-76.47917,43.22781],[-76.48276,43.25701],[-76.6048,43.25787],[-76.61557,43.41938],[-76.52225,43.46834],[-76.48635,43.47521],[-76.41816,43.5216],[-76.36791,43.5259],[-76.29612,43.51301],[-76.2351,43.52934],[-76.2028,43.57487],[-76.19921,43.68053]]]}},{"type":"Feature","id":"36059","properties":{"key":"nassau","st":"NY","name":"Nassau","fips":"36059"},"geometry":{"type":"Polygon","coordinates":[[[-73.49647,40.92295],[-73.46058,40.86711],[-73.43186,40.72365],[-73.42469,40.61025],[-73.55749,40.5819],[-73.75131,40.58963],[-73.76926,40.624],[-73.72619,40.6532],[-73.72619,40.72451],[-73.70106,40.75285],[-73.76926,40.8001],[-73.71542,40.86969],[-73.67594,40.8568],[-73.64004,40.89288],[-73.56467,40.91608],[-73.49647,40.92295]]]}},{"type":"Feature","id":"51107","properties":{"key":"loudoun","st":"VA","name":"Loudoun","fips":"51107"},"geometry":{"type":"Polygon","coordinates":[[[-77.82875,39.13267],[-77.75337,39.283],[-77.72107,39.32166],[-77.678,39.32424],[-77.61698,39.30276],[-77.56314,39.30362],[-77.54161,39.26496],[-77.49494,39.25122],[-77.45905,39.22029],[-77.51648,39.17047],[-77.52007,39.12064],[-77.48418,39.10947],[-77.46264,39.07597],[-77.32984,39.05793],[-77.53443,38.84746],[-77.55237,38.88698],[-77.59186,38.89729],[-77.62057,38.93165],[-77.65646,38.94282],[-77.96155,39.01412],[-77.86105,39.08112],[-77.82875,39.13267]]]}},{"type":"Feature","id":"51011","properties":{"key":"appomattox","st":"VA","name":"Appomattox","fips":"51011"},"geometry":{"type":"Polygon","coordinates":[[[-78.86964,37.54169],[-78.82657,37.55286],[-78.70454,37.45578],[-78.683,37.42915],[-78.63634,37.41627],[-78.62916,37.38448],[-78.59327,37.39823],[-78.59327,37.34497],[-78.62557,37.32177],[-78.683,37.24875],[-78.73325,37.2204],[-78.77632,37.22899],[-78.82298,37.20494],[-78.85529,37.21181],[-78.86247,37.24016],[-78.91989,37.24531],[-78.92707,37.2771],[-79.02039,37.42915],[-78.97732,37.46867],[-78.89477,37.51334],[-78.86964,37.54169]]]}},{"type":"Feature","id":"42003","properties":{"key":"allegheny","st":"PA","name":"Allegheny","fips":"42003"},"geometry":{"type":"Polygon","coordinates":[[[-80.14743,40.67468],[-79.69159,40.66953],[-79.688,40.6429],[-79.72031,40.60767],[-79.77415,40.58104],[-79.76697,40.55012],[-79.70236,40.5252],[-79.70595,40.43414],[-79.73466,40.39806],[-79.76338,40.39291],[-79.80645,40.23312],[-79.78133,40.22797],[-79.87106,40.19704],[-79.96079,40.21594],[-79.97156,40.23226],[-79.91413,40.25288],[-80.18333,40.33277],[-80.3592,40.47796],[-80.17974,40.60939],[-80.14384,40.61369],[-80.14743,40.67468]]]}},{"type":"Feature","id":"51720","properties":{"key":"norton","st":"VA","name":"Norton","fips":"51720"},"geometry":{"type":"Polygon","coordinates":[[[-82.66353,36.92059],[-82.63481,36.95237],[-82.59892,36.95839],[-82.61328,36.90513],[-82.66353,36.92059]]]}},{"type":"Feature","id":"25023","properties":{"key":"plymouth","st":"MA","name":"Plymouth","fips":"25023"},"geometry":{"type":"Polygon","coordinates":[[[-71.08088,42.09557],[-70.92654,42.15742],[-70.91577,42.22528],[-70.93013,42.24676],[-70.90141,42.26738],[-70.91577,42.28885],[-70.95525,42.28456],[-70.88347,42.30861],[-70.86193,42.27597],[-70.82604,42.26566],[-70.85475,42.23989],[-70.82604,42.20037],[-70.77938,42.25191],[-70.72195,42.2081],[-70.71477,42.16859],[-70.63939,42.08869],[-70.64298,42.04574],[-70.66811,42.01224],[-70.71118,42.00794],[-70.70041,41.98732],[-70.62504,41.94351],[-70.58196,41.95038],[-70.55325,41.92977],[-70.52454,41.85846],[-70.53889,41.81122],[-70.56402,41.7863],[-70.63221,41.76311],[-70.64298,41.71844],[-70.71836,41.73562],[-70.71836,41.68493],[-70.74348,41.69696],[-70.75784,41.65401],[-70.80809,41.65659],[-70.80091,41.6291],[-70.84398,41.62824],[-70.88705,41.76053],[-70.92295,41.79146],[-71.02704,41.77857],[-71.0378,41.81637],[-70.9732,41.86104],[-70.99832,41.92977],[-71.04857,41.96327],[-71.08088,42.09557]]]}},{"type":"Feature","id":"36055","properties":{"key":"monroe","st":"NY","name":"Monroe","fips":"36055"},"geometry":{"type":"Polygon","coordinates":[[[-77.99386,43.36526],[-77.79645,43.33948],[-77.71389,43.32316],[-77.66005,43.28279],[-77.5775,43.24327],[-77.53443,43.23468],[-77.50212,43.25014],[-77.3765,43.27763],[-77.37291,43.03452],[-77.48418,43.03452],[-77.48418,42.94346],[-77.58109,42.94432],[-77.73184,42.94518],[-77.73184,42.98813],[-77.9113,42.98813],[-77.90412,43.03709],[-77.95079,43.03967],[-77.90771,43.13331],[-77.99745,43.13331],[-77.99386,43.36526]]]}},{"type":"Feature","id":"36043","properties":{"key":"herkimer","st":"NY","name":"Herkimer","fips":"36043"},"geometry":{"type":"Polygon","coordinates":[[[-75.11165,43.61524],[-75.16908,44.09717],[-75.0614,44.05078],[-74.85322,44.06968],[-74.77426,43.48638],[-74.86758,43.33948],[-74.71324,43.28622],[-74.6953,43.17454],[-74.7276,43.12558],[-74.7599,43.11956],[-74.77426,43.08348],[-74.7599,43.0474],[-74.74196,42.99672],[-74.76349,42.86356],[-74.87835,42.89793],[-74.90706,42.82491],[-75.10089,42.90824],[-75.14037,42.86013],[-75.21215,42.85669],[-75.21215,42.87989],[-75.20139,42.88075],[-75.21933,43.05256],[-75.06858,43.22695],[-75.1619,43.25873],[-75.14755,43.30512],[-75.07576,43.33089],[-75.11165,43.61524]]]}},{"type":"Feature","id":"51087","properties":{"key":"henrico","st":"VA","name":"Henrico","fips":"51087"},"geometry":{"type":"Polygon","coordinates":[[[-77.65646,37.56403],[-77.61698,37.57777],[-77.65287,37.64048],[-77.63134,37.70577],[-77.55955,37.68172],[-77.49494,37.70147],[-77.44828,37.68429],[-77.40521,37.60526],[-77.2401,37.53825],[-77.17909,37.49101],[-77.22216,37.40682],[-77.25087,37.3819],[-77.27959,37.35184],[-77.31189,37.37331],[-77.38727,37.38706],[-77.41957,37.44719],[-77.41598,37.51678],[-77.39444,37.50475],[-77.39444,37.55028],[-77.43752,37.59839],[-77.47341,37.57863],[-77.54161,37.58121],[-77.53084,37.55887],[-77.59545,37.55543],[-77.65646,37.56403]]]}},{"type":"Feature","id":"51620","properties":{"key":"franklin","st":"VA","name":"Franklin","fips":"51620,51067"},"geometry":{"type":"MultiPolygon","coordinates":[[[[-76.92425,36.70754],[-76.92784,36.70067],[-76.92784,36.69981],[-76.92784,36.70067],[-76.92784,36.69981],[-76.92425,36.69981],[-76.92425,36.69981],[-76.92066,36.69981],[-76.92066,36.69981],[-76.91707,36.69981],[-76.91707,36.70067],[-76.91707,36.69981],[-76.91707,36.70067],[-76.91707,36.69981],[-76.91707,36.70067],[-76.91707,36.69466],[-76.91707,36.69466],[-76.92425,36.68263],[-76.92425,36.68349],[-76.92425,36.68263],[-76.92425,36.68349],[-76.90989,36.64827],[-76.96373,36.66717],[-76.96732,36.70239],[-76.92425,36.70754]]],[[[-80.12949,37.12333],[-80.08642,37.16113],[-80.00745,37.17229],[-79.96438,37.13707],[-79.84593,37.22556],[-79.7239,37.19205],[-79.70595,37.15168],[-79.67724,37.15511],[-79.59468,37.04258],[-79.64134,36.85616],[-79.67006,36.82781],[-79.74184,36.80719],[-79.75979,36.78829],[-79.80286,36.79173],[-80.00027,36.83039],[-80.01822,36.78142],[-80.03975,36.79431],[-80.06488,36.84156],[-80.23717,36.87248],[-80.19768,36.90169],[-80.17256,36.95237],[-80.14384,36.9498],[-80.12231,36.99103],[-80.10795,37.0778],[-80.12949,37.12333]]]]}},{"type":"Feature","id":"24045","properties":{"key":"wicomico","st":"MD","name":"Wicomico","fips":"24045"},"geometry":{"type":"Polygon","coordinates":[[[-75.86182,38.35178],[-75.86182,38.38357],[-75.82233,38.48408],[-75.75773,38.51329],[-75.7003,38.56053],[-75.69312,38.46002],[-75.34137,38.45229],[-75.31624,38.40419],[-75.3306,38.38099],[-75.30548,38.35436],[-75.37367,38.28993],[-75.61415,38.27876],[-75.6644,38.29852],[-75.72183,38.26674],[-75.75055,38.28478],[-75.75055,38.28392],[-75.75055,38.28392],[-75.75055,38.28478],[-75.86541,38.23839],[-75.9013,38.23237],[-75.90489,38.29766],[-75.86182,38.35178]]]}},{"type":"Feature","id":"34011","properties":{"key":"cumberland","st":"NJ","name":"Cumberland","fips":"34011"},"geometry":{"type":"Polygon","coordinates":[[[-75.0614,39.56907],[-74.98603,39.51495],[-74.85681,39.42389],[-74.8604,39.32424],[-74.88194,39.30878],[-74.8963,39.2349],[-74.92142,39.22459],[-74.91424,39.17734],[-75.02551,39.19366],[-75.04705,39.21514],[-75.11165,39.21256],[-75.13678,39.18163],[-75.16908,39.20225],[-75.17626,39.24263],[-75.24087,39.27441],[-75.25164,39.30018],[-75.28753,39.28988],[-75.34137,39.34829],[-75.36649,39.34142],[-75.40598,39.3818],[-75.41315,39.4531],[-75.36649,39.45653],[-75.23728,39.55876],[-75.08294,39.45739],[-75.07576,39.54416],[-75.0614,39.56907]]]}},{"type":"Feature","id":"36061","properties":{"key":"new york","st":"NY","name":"New York","fips":"36061"},"geometry":{"type":"Polygon","coordinates":[[[-74.04563,40.69014],[-74.0241,40.70904],[-74.00974,40.76488],[-73.98462,40.79924],[-73.93437,40.88171],[-73.90565,40.87312],[-73.93437,40.83532],[-73.91283,40.79581],[-73.96308,40.73653],[-73.97385,40.70904],[-74.02051,40.68069],[-74.04563,40.69014]]]}},{"type":"Feature","id":"36089","properties":{"key":"st lawrence","st":"NY","name":"St. Lawrence","fips":"36089"},"geometry":{"type":"Polygon","coordinates":[[[-74.7276,44.99489],[-74.72042,44.9528],[-74.64146,44.9528],[-74.62351,44.81535],[-74.5266,44.17105],[-74.54455,44.16934],[-74.53378,44.09889],[-74.85322,44.06968],[-75.0614,44.05078],[-75.16908,44.09717],[-75.44546,44.21744],[-75.86182,44.403],[-75.82233,44.43221],[-75.80798,44.47172],[-75.76491,44.51554],[-75.61774,44.61948],[-75.50648,44.70539],[-75.30548,44.82652],[-75.30906,44.83682],[-75.06499,44.93046],[-74.97167,44.98372],[-74.90706,44.98372],[-74.8281,45.01551],[-74.7276,44.99489]]]}},{"type":"Feature","id":"34019","properties":{"key":"hunterdon","st":"NJ","name":"Hunterdon","fips":"34019"},"geometry":{"type":"Polygon","coordinates":[[[-75.19062,40.59135],[-75.14755,40.62829],[-75.10806,40.63946],[-75.01833,40.69444],[-74.96808,40.71076],[-74.88912,40.78808],[-74.82451,40.74255],[-74.72401,40.71935],[-74.7276,40.63259],[-74.70247,40.62142],[-74.71324,40.58362],[-74.77426,40.50373],[-74.79939,40.51575],[-74.74913,40.42383],[-74.81015,40.41696],[-74.80297,40.38518],[-74.87117,40.37745],[-74.85681,40.34652],[-74.94296,40.34137],[-74.96808,40.39978],[-75.05781,40.4161],[-75.07217,40.45476],[-75.06499,40.53637],[-75.10089,40.56816],[-75.1619,40.56386],[-75.19062,40.59135]]]}},{"type":"Feature","id":"51089","properties":{"key":"henry","st":"VA","name":"Henry","fips":"51089"},"geometry":{"type":"Polygon","coordinates":[[[-80.03975,36.79431],[-80.01822,36.78142],[-80.00027,36.83039],[-79.80286,36.79173],[-79.75979,36.78829],[-79.74184,36.80719],[-79.67006,36.82781],[-79.64134,36.85616],[-79.71313,36.54174],[-80.02899,36.5426],[-80.05411,36.5426],[-80.0577,36.65686],[-80.09359,36.72472],[-80.09359,36.7797],[-80.03975,36.79431]],[[-79.90336,36.68435],[-79.86029,36.64999],[-79.83158,36.64655],[-79.83875,36.70411],[-79.88183,36.71184],[-79.90336,36.68435]]]}},{"type":"Feature","id":"51650","properties":{"key":"hampton","st":"VA","name":"Hampton","fips":"51650"},"geometry":{"type":"Polygon","coordinates":[[[-76.4361,37.09498],[-76.39662,37.10701],[-76.3033,37.10357],[-76.28894,37.11731],[-76.271,37.08467],[-76.3033,37.00134],[-76.31766,37.01423],[-76.38944,36.98931],[-76.45046,37.03742],[-76.4361,37.09498]]]}},{"type":"Feature","id":"51091","properties":{"key":"highland","st":"VA","name":"Highland","fips":"51091"},"geometry":{"type":"Polygon","coordinates":[[[-79.64852,38.59146],[-79.53725,38.55108],[-79.47624,38.45745],[-79.31113,38.41192],[-79.32548,38.38099],[-79.40804,38.2779],[-79.40804,38.24268],[-79.43675,38.21605],[-79.47982,38.21605],[-79.51213,38.18083],[-79.56238,38.19887],[-79.70595,38.22121],[-79.79568,38.26674],[-79.81004,38.30539],[-79.73107,38.38013],[-79.688,38.43168],[-79.69877,38.48751],[-79.64852,38.59146]]]}},{"type":"Feature","id":"51101","properties":{"key":"king william","st":"VA","name":"King William","fips":"51101"},"geometry":{"type":"Polygon","coordinates":[[[-77.34419,37.7891],[-77.24728,37.87586],[-77.2401,37.90937],[-77.18268,37.89133],[-77.15037,37.88188],[-77.10371,37.78566],[-77.075,37.77364],[-77.03193,37.72123],[-76.91707,37.69374],[-76.9063,37.65509],[-76.88118,37.6568],[-76.77709,37.55458],[-76.79144,37.51764],[-76.81657,37.55028],[-76.87759,37.53138],[-76.85246,37.57262],[-76.94219,37.55973],[-76.96732,37.58636],[-76.98168,37.56574],[-77.08935,37.61815],[-77.12525,37.62674],[-77.11089,37.66196],[-77.18627,37.65766],[-77.18268,37.68343],[-77.2401,37.68601],[-77.22934,37.7135],[-77.29394,37.71436],[-77.29394,37.74013],[-77.34419,37.7891]]]}},{"type":"Feature","id":"51121","properties":{"key":"montgomery","st":"VA","name":"Montgomery","fips":"51121"},"geometry":{"type":"MultiPolygon","coordinates":[[[[-80.52072,37.13192],[-80.52072,37.13192]]],[[[-80.60686,37.24446],[-80.47765,37.28483],[-80.43099,37.31662],[-80.32331,37.36902],[-80.26229,37.34153],[-80.2587,37.30888],[-80.1905,37.23329],[-80.17974,37.11302],[-80.28383,37.07866],[-80.34843,37.02196],[-80.41304,37.00306],[-80.43458,37.0168],[-80.47047,36.99361],[-80.51713,37.01079],[-80.54226,36.98502],[-80.56738,37.04773],[-80.54226,37.04859],[-80.58174,37.08982],[-80.53149,37.13364],[-80.56379,37.17401],[-80.5279,37.20666],[-80.58892,37.18346],[-80.61404,37.21095],[-80.60686,37.24446]]]]}},{"type":"Feature","id":"51009","properties":{"key":"amherst","st":"VA","name":"Amherst","fips":"51009"},"geometry":{"type":"Polygon","coordinates":[[[-79.43675,37.61729],[-79.34702,37.66024],[-79.26447,37.79511],[-79.23216,37.81315],[-79.21063,37.7891],[-79.17115,37.80284],[-79.13884,37.81401],[-79.11013,37.7848],[-79.07064,37.77793],[-79.06706,37.72037],[-78.9845,37.69546],[-78.89836,37.54427],[-78.86964,37.54169],[-78.89477,37.51334],[-78.97732,37.46867],[-79.02039,37.42915],[-79.07064,37.42142],[-79.085,37.39479],[-79.1209,37.39823],[-79.1855,37.46609],[-79.22498,37.50647],[-79.29677,37.50131],[-79.33625,37.51506],[-79.36856,37.55114],[-79.37932,37.59066],[-79.43675,37.61729]]]}},{"type":"Feature","id":"24037","properties":{"key":"st marys","st":"MD","name":"St. Mary's","fips":"24037"},"geometry":{"type":"Polygon","coordinates":[[[-76.673,38.49954],[-76.65505,38.46518],[-76.60839,38.4248],[-76.50071,38.3724],[-76.472,38.32429],[-76.45405,38.29337],[-76.4038,38.31141],[-76.37509,38.29938],[-76.40021,38.259],[-76.38585,38.21777],[-76.32125,38.13874],[-76.33919,38.11984],[-76.32125,38.03651],[-76.35355,38.05283],[-76.39303,38.10266],[-76.42175,38.10609],[-76.43969,38.16107],[-76.46841,38.15334],[-76.47559,38.10437],[-76.50071,38.13702],[-76.52942,38.13444],[-76.54737,38.17568],[-76.59044,38.21433],[-76.673,38.23409],[-76.79862,38.23667],[-76.82734,38.34749],[-76.84887,38.35522],[-76.874,38.38099],[-76.82016,38.43425],[-76.7735,38.50899],[-76.673,38.49954]]]}},{"type":"Feature","id":"42049","properties":{"key":"erie","st":"PA","name":"Erie","fips":"42049"},"geometry":{"type":"Polygon","coordinates":[[[-80.52072,41.97787],[-80.34843,42.03028],[-80.18692,42.09385],[-80.15461,42.11446],[-80.11872,42.16601],[-80.07206,42.16859],[-80.06129,42.14453],[-79.93208,42.20638],[-79.76338,42.26995],[-79.76338,42.00021],[-79.61263,41.99935],[-79.61263,41.84987],[-79.68082,41.85159],[-80.20486,41.84901],[-80.52072,41.84987],[-80.52072,41.97787]]]}},{"type":"Feature","id":"36071","properties":{"key":"orange","st":"NY","name":"Orange","fips":"36071"},"geometry":{"type":"Polygon","coordinates":[[[-74.36867,41.5913],[-74.26458,41.63253],[-74.25022,41.60504],[-74.12819,41.58271],[-74.13537,41.61535],[-74.05281,41.58099],[-73.95231,41.58958],[-73.99897,41.51914],[-73.99897,41.45471],[-73.98103,41.43924],[-73.94872,41.39457],[-73.98103,41.32499],[-74.23587,41.14287],[-74.36867,41.20386],[-74.6953,41.35763],[-74.75631,41.42464],[-74.75272,41.49336],[-74.47635,41.50367],[-74.40815,41.57497],[-74.36867,41.5913]]]}},{"type":"Feature","id":"42017","properties":{"key":"bucks","st":"PA","name":"Bucks","fips":"42017"},"geometry":{"type":"Polygon","coordinates":[[[-75.48494,40.41868],[-75.40957,40.48826],[-75.33419,40.53723],[-75.1978,40.60853],[-75.19062,40.59135],[-75.1619,40.56386],[-75.10089,40.56816],[-75.06499,40.53637],[-75.07217,40.45476],[-75.05781,40.4161],[-74.96808,40.39978],[-74.94296,40.34137],[-74.86758,40.29498],[-74.84246,40.2503],[-74.77067,40.21508],[-74.72401,40.15065],[-74.78144,40.12059],[-74.81733,40.12746],[-74.8604,40.08365],[-74.97526,40.04928],[-74.96449,40.11887],[-75.01474,40.13777],[-75.10806,40.19189],[-75.48494,40.41868]]]}},{"type":"Feature","id":"42005","properties":{"key":"armstrong","st":"PA","name":"Armstrong","fips":"42005"},"geometry":{"type":"Polygon","coordinates":[[[-79.69159,40.66953],[-79.69159,41.17036],[-79.66647,41.04923],[-79.59827,41.03205],[-79.61981,40.9891],[-79.45111,40.98136],[-79.41881,41.0037],[-79.37573,40.98394],[-79.36497,41.00112],[-79.286,41.00971],[-79.21422,41.05009],[-79.21422,40.91092],[-79.21422,40.77605],[-79.45111,40.53036],[-79.49777,40.5252],[-79.56238,40.56386],[-79.5875,40.62743],[-79.67006,40.67983],[-79.69159,40.66953]]]}},{"type":"Feature","id":"42023","properties":{"key":"cameron","st":"PA","name":"Cameron","fips":"42023"},"geometry":{"type":"Polygon","coordinates":[[[-78.41739,41.60246],[-78.42098,41.61707],[-78.20204,41.61793],[-78.05129,41.47532],[-77.99027,41.47446],[-77.99027,41.36708],[-78.09436,41.21675],[-78.23793,41.23049],[-78.23434,41.32327],[-78.25588,41.32327],[-78.25229,41.40488],[-78.42098,41.40488],[-78.41739,41.60246]]]}},{"type":"Feature","id":"42025","properties":{"key":"carbon","st":"PA","name":"Carbon","fips":"42025"},"geometry":{"type":"Polygon","coordinates":[[[-75.99821,40.91264],[-75.85105,40.97192],[-75.7326,41.008],[-75.76849,41.05009],[-75.76849,41.09304],[-75.69312,41.1317],[-75.65005,41.12225],[-75.57826,41.06727],[-75.49571,40.98738],[-75.57467,40.9513],[-75.47417,40.81471],[-75.61057,40.78722],[-75.69312,40.77004],[-75.75773,40.73567],[-75.88694,40.81643],[-75.99821,40.91264]]]}},{"type":"Feature","id":"42047","properties":{"key":"elk","st":"PA","name":"Elk","fips":"42047"},"geometry":{"type":"Polygon","coordinates":[[[-78.95579,41.62308],[-78.95579,41.62394],[-78.67223,41.6248],[-78.482,41.62995],[-78.482,41.60246],[-78.41739,41.60246],[-78.42098,41.40488],[-78.25229,41.40488],[-78.25588,41.32327],[-78.23434,41.32327],[-78.23793,41.23049],[-78.64711,41.25369],[-78.64711,41.21761],[-78.71172,41.20214],[-78.73684,41.26314],[-78.95938,41.36193],[-78.97014,41.37653],[-79.02039,41.35076],[-79.09577,41.34045],[-79.09218,41.42292],[-79.06347,41.45299],[-78.97732,41.45213],[-78.95938,41.43667],[-78.95579,41.62308]]]}},{"type":"Feature","id":"51115","properties":{"key":"mathews","st":"VA","name":"Mathews","fips":"51115"},"geometry":{"type":"Polygon","coordinates":[[[-76.4361,37.5142],[-76.4038,37.53568],[-76.35355,37.52709],[-76.32842,37.4953],[-76.29253,37.51678],[-76.26382,37.48156],[-76.24587,37.38706],[-76.27458,37.30974],[-76.33919,37.36386],[-76.4038,37.39994],[-76.44687,37.4197],[-76.45046,37.48499],[-76.4361,37.5142]]]}},{"type":"Feature","id":"42009","properties":{"key":"bedford","st":"PA","name":"Bedford","fips":"42009"},"geometry":{"type":"Polygon","coordinates":[[[-78.65788,40.24257],[-78.62198,40.32676],[-78.50713,40.28724],[-78.44611,40.24429],[-78.43534,40.30271],[-78.28818,40.24171],[-78.25588,40.29755],[-78.23793,40.22453],[-78.13384,40.16526],[-78.15896,40.12231],[-78.20563,40.08622],[-78.1805,40.05873],[-78.20563,40.04241],[-78.21998,39.99345],[-78.29895,39.82593],[-78.3815,39.72284],[-78.80863,39.72284],[-78.75838,39.82335],[-78.76197,40.05702],[-78.74043,40.0699],[-78.65788,40.24257]]]}},{"type":"Feature","id":"51730","properties":{"key":"petersburg","st":"VA","name":"Petersburg","fips":"51730"},"geometry":{"type":"Polygon","coordinates":[[[-77.44828,37.22298],[-77.41598,37.23329],[-77.40521,37.23758],[-77.3765,37.24446],[-77.32984,37.19635],[-77.34419,37.17401],[-77.39803,37.17058],[-77.45546,37.18776],[-77.44828,37.22298]]]}},{"type":"Feature","id":"42029","properties":{"key":"chester","st":"PA","name":"Chester","fips":"42029"},"geometry":{"type":"Polygon","coordinates":[[[-76.1346,39.72198],[-76.06641,39.75978],[-75.99103,39.86888],[-75.99462,39.95221],[-75.93719,40.03726],[-75.93719,40.11114],[-75.87258,40.13691],[-75.69671,40.24171],[-75.61415,40.22281],[-75.5998,40.23828],[-75.57467,40.19533],[-75.55673,40.20735],[-75.52801,40.14979],[-75.45982,40.12488],[-75.45623,40.08794],[-75.42033,40.09739],[-75.39162,40.06131],[-75.35931,40.06561],[-75.41674,40.04155],[-75.40598,40.02695],[-75.45264,39.99345],[-75.43469,39.98486],[-75.52442,39.94448],[-75.59621,39.87404],[-75.59621,39.8371],[-75.6644,39.82163],[-75.71824,39.79243],[-75.79003,39.72198],[-76.1346,39.72198]]]}},{"type":"Feature","id":"42031","properties":{"key":"clarion","st":"PA","name":"Clarion","fips":"42031"},"geometry":{"type":"Polygon","coordinates":[[[-79.47624,41.38684],[-79.40086,41.38684],[-79.40086,41.43581],[-79.20704,41.43065],[-79.21063,41.33186],[-79.21063,41.07844],[-79.21422,41.05009],[-79.286,41.00971],[-79.36497,41.00112],[-79.37573,40.98394],[-79.41881,41.0037],[-79.45111,40.98136],[-79.61981,40.9891],[-79.59827,41.03205],[-79.66647,41.04923],[-79.69159,41.17036],[-79.69518,41.17294],[-79.64852,41.21761],[-79.65211,41.25369],[-79.60545,41.27688],[-79.60545,41.32155],[-79.54084,41.32069],[-79.54084,41.33616],[-79.47982,41.3353],[-79.47624,41.38684]]]}},{"type":"Feature","id":"42053","properties":{"key":"forest","st":"PA","name":"Forest","fips":"42053"},"geometry":{"type":"Polygon","coordinates":[[[-79.51213,41.6248],[-78.95579,41.62308],[-78.95938,41.43667],[-78.97732,41.45213],[-79.06347,41.45299],[-79.09218,41.42292],[-79.09577,41.34045],[-79.10654,41.32585],[-79.21063,41.33186],[-79.20704,41.43065],[-79.40086,41.43581],[-79.40086,41.38684],[-79.47624,41.38684],[-79.47982,41.4401],[-79.5229,41.44096],[-79.51213,41.46502],[-79.51213,41.6248]]]}},{"type":"Feature","id":"24013","properties":{"key":"carroll","st":"MD","name":"Carroll","fips":"24013"},"geometry":{"type":"Polygon","coordinates":[[[-77.21857,39.72027],[-76.99962,39.72027],[-76.78785,39.72112],[-76.86682,39.5012],[-76.89194,39.45739],[-76.88118,39.35001],[-76.97091,39.36376],[-77.02475,39.35087],[-77.10012,39.36891],[-77.16832,39.35431],[-77.14678,39.41874],[-77.11448,39.45997],[-77.11089,39.49777],[-77.19703,39.57508],[-77.28677,39.60429],[-77.31189,39.63951],[-77.276,39.63264],[-77.26164,39.66529],[-77.21498,39.69879],[-77.21857,39.72027]]]}},{"type":"Feature","id":"10003","properties":{"key":"new castle","st":"DE","name":"New Castle","fips":"10003"},"geometry":{"type":"MultiPolygon","coordinates":[[[[-75.56032,39.63006],[-75.55673,39.60601],[-75.56032,39.63006]]],[[[-75.79003,39.72198],[-75.71824,39.79243],[-75.6644,39.82163],[-75.59621,39.8371],[-75.4993,39.83366],[-75.41674,39.80188],[-75.41315,39.79414],[-75.45982,39.7658],[-75.47776,39.71339],[-75.51007,39.6859],[-75.5316,39.69192],[-75.61057,39.62233],[-75.60339,39.58883],[-75.5639,39.5622],[-75.56032,39.5201],[-75.58903,39.49605],[-75.58903,39.46083],[-75.53878,39.41616],[-75.51365,39.36547],[-75.55314,39.35431],[-75.58544,39.30878],[-75.6644,39.29074],[-75.76132,39.29675],[-75.76849,39.3775],[-75.79003,39.6481],[-75.79003,39.72198]]]]}},{"type":"Feature","id":"24019","properties":{"key":"dorchester","st":"MD","name":"Dorchester","fips":"24019"},"geometry":{"type":"MultiPolygon","coordinates":[[[[-76.03051,38.14733],[-76.04846,38.1207],[-76.09153,38.11468],[-76.08794,38.19286],[-76.04846,38.20402],[-76.02333,38.17825],[-76.03051,38.14733]]],[[[-76.03051,38.57256],[-75.99103,38.59232],[-75.98385,38.62496],[-75.94437,38.67393],[-75.83669,38.704],[-75.79721,38.67651],[-75.76132,38.68596],[-75.70748,38.63527],[-75.7003,38.56053],[-75.75773,38.51329],[-75.82233,38.48408],[-75.86182,38.38357],[-75.86182,38.35178],[-75.91566,38.3389],[-75.94078,38.29852],[-75.94078,38.24698],[-75.96949,38.24612],[-76.00898,38.31227],[-75.96949,38.32],[-75.97308,38.36553],[-76.0018,38.37412],[-76.01616,38.33202],[-76.04846,38.30368],[-76.02692,38.28048],[-76.05923,38.22722],[-76.07358,38.25213],[-76.1346,38.23237],[-76.16691,38.24268],[-76.22433,38.31398],[-76.25664,38.32515],[-76.24946,38.36209],[-76.3356,38.49181],[-76.26382,38.50384],[-76.24587,38.53734],[-76.27458,38.53133],[-76.30689,38.57514],[-76.27817,38.6095],[-76.2351,38.6284],[-76.21357,38.60692],[-76.1705,38.62926],[-76.16691,38.59833],[-76.08794,38.5906],[-76.04128,38.5571],[-76.03051,38.57256]]]]}},{"type":"Feature","id":"09007","properties":{"key":"middlesex","st":"CT","name":"Middlesex","fips":"09007"},"geometry":{"type":"Polygon","coordinates":[[[-72.46634,41.58357],[-72.43404,41.53202],[-72.32277,41.5346],[-72.30483,41.43667],[-72.43404,41.42378],[-72.42327,41.39028],[-72.38379,41.38512],[-72.3802,41.3499],[-72.3479,41.32413],[-72.34072,41.28032],[-72.38738,41.26142],[-72.39815,41.2786],[-72.45199,41.2786],[-72.53813,41.2554],[-72.54531,41.28032],[-72.6135,41.33014],[-72.6135,41.38598],[-72.65299,41.43838],[-72.74631,41.42292],[-72.73554,41.48563],[-72.75349,41.57927],[-72.71401,41.60418],[-72.71401,41.62738],[-72.50583,41.64714],[-72.46634,41.58357]]]}},{"type":"Feature","id":"25003","properties":{"key":"berkshire","st":"MA","name":"Berkshire","fips":"25003"},"geometry":{"type":"Polygon","coordinates":[[[-73.3529,42.50963],[-73.26317,42.74587],[-73.02268,42.74072],[-73.02268,42.70292],[-72.94731,42.70464],[-72.99397,42.67371],[-72.95449,42.66512],[-72.9509,42.64107],[-72.97602,42.55602],[-72.96885,42.5397],[-73.01192,42.37991],[-73.06576,42.38936],[-73.06217,42.32923],[-73.00115,42.31291],[-73.00474,42.2502],[-73.03345,42.14367],[-73.06935,42.14797],[-73.07293,42.09385],[-73.05499,42.03973],[-73.43186,42.05089],[-73.4857,42.05003],[-73.49647,42.05003],[-73.50724,42.08612],[-73.3529,42.50963]]]}},{"type":"Feature","id":"51075","properties":{"key":"goochland","st":"VA","name":"Goochland","fips":"51075"},"geometry":{"type":"Polygon","coordinates":[[[-78.06205,37.90507],[-78.01539,37.89219],[-77.99027,37.85782],[-77.9472,37.84751],[-77.88977,37.76075],[-77.83234,37.75302],[-77.79645,37.72896],[-77.7103,37.70663],[-77.63134,37.70577],[-77.65287,37.64048],[-77.61698,37.57777],[-77.65646,37.56403],[-77.76055,37.61127],[-77.82157,37.6087],[-77.83234,37.63361],[-77.9113,37.68945],[-77.9472,37.67828],[-77.94361,37.64392],[-77.98309,37.62416],[-78.07282,37.65766],[-78.10871,37.68],[-78.10154,37.71608],[-78.15896,37.74872],[-78.15537,37.76333],[-78.06205,37.90507]]]}},{"type":"Feature","id":"24023","properties":{"key":"garrett","st":"MD","name":"Garrett","fips":"24023"},"geometry":{"type":"Polygon","coordinates":[[[-79.47624,39.72112],[-79.39368,39.72112],[-78.92707,39.72284],[-79.06706,39.47457],[-79.09577,39.47286],[-79.14243,39.40843],[-79.2537,39.35688],[-79.27165,39.32939],[-79.28959,39.29933],[-79.33266,39.30018],[-79.45111,39.2117],[-79.487,39.20569],[-79.47624,39.72112]]]}},{"type":"Feature","id":"51003","properties":{"key":"albemarle","st":"VA","name":"Albemarle","fips":"51003"},"geometry":{"type":"Polygon","coordinates":[[[-78.83734,38.04768],[-78.77991,38.08118],[-78.78709,38.12671],[-78.74761,38.2066],[-78.71172,38.24011],[-78.65429,38.26072],[-78.66147,38.2779],[-78.36714,38.18427],[-78.20921,38.131],[-78.25229,38.06314],[-78.30613,38.00644],[-78.49277,37.79683],[-78.49995,37.76161],[-78.6148,37.7556],[-78.64352,37.73326],[-78.68659,37.73756],[-78.66864,37.75903],[-78.83734,38.04768]],[[-78.52148,38.0262],[-78.51789,38.01074],[-78.45329,38.0219],[-78.4497,38.05884],[-78.48559,38.06915],[-78.52148,38.0262]]]}},{"type":"Feature","id":"51147","properties":{"key":"prince edward","st":"VA","name":"Prince Edward","fips":"51147"},"geometry":{"type":"Polygon","coordinates":[[[-78.683,37.24875],[-78.62557,37.32177],[-78.59327,37.34497],[-78.59327,37.39823],[-78.5502,37.34668],[-78.51072,37.3295],[-78.46405,37.33981],[-78.39586,37.30545],[-78.34202,37.31919],[-78.32048,37.30888],[-78.23434,37.36816],[-78.23075,37.296],[-78.23793,37.11989],[-78.27382,37.10357],[-78.35996,37.10615],[-78.44252,37.07952],[-78.482,37.08553],[-78.5143,37.13278],[-78.54661,37.15082],[-78.5825,37.14051],[-78.63634,37.16972],[-78.64352,37.19463],[-78.69377,37.20408],[-78.683,37.24875]]]}},{"type":"Feature","id":"24029","properties":{"key":"kent","st":"MD","name":"Kent","fips":"24029"},"geometry":{"type":"Polygon","coordinates":[[[-76.0018,39.37664],[-75.88694,39.36118],[-75.82233,39.3818],[-75.76849,39.3775],[-75.76132,39.29675],[-75.75773,39.24606],[-75.80798,39.24177],[-75.84028,39.25809],[-75.94078,39.23833],[-76.00898,39.24005],[-76.07,39.19194],[-76.04846,39.16274],[-76.11666,39.1069],[-76.15973,39.09401],[-76.2028,39.08542],[-76.21357,39.04075],[-76.19921,39.01412],[-76.24228,39.02872],[-76.23151,39.08284],[-76.25305,39.13353],[-76.27817,39.14555],[-76.22075,39.26239],[-76.17767,39.29847],[-76.18485,39.31908],[-76.1346,39.34056],[-76.10948,39.37235],[-76.02333,39.36204],[-76.0018,39.37664]]]}},{"type":"Feature","id":"24031","properties":{"key":"montgomery","st":"MD","name":"Montgomery","fips":"24031"},"geometry":{"type":"Polygon","coordinates":[[[-77.45905,39.22029],[-77.16832,39.35345],[-77.18627,39.34056],[-77.12884,39.2684],[-77.07141,39.2538],[-77.01039,39.20655],[-76.99603,39.16617],[-76.88835,39.13095],[-76.99244,38.99264],[-77.00321,38.96515],[-77.04269,38.99436],[-77.11807,38.93423],[-77.15037,38.96601],[-77.22216,38.97117],[-77.25087,38.98577],[-77.24728,39.027],[-77.32984,39.05793],[-77.46264,39.07597],[-77.48418,39.10947],[-77.52007,39.12064],[-77.51648,39.17047],[-77.45905,39.22029]]]}},{"type":"Feature","id":"25005","properties":{"key":"bristol","st":"MA","name":"Bristol","fips":"25005"},"geometry":{"type":"Polygon","coordinates":[[[-71.38238,41.98475],[-71.36443,41.98561],[-71.08088,42.09557],[-71.04857,41.96327],[-70.99832,41.92977],[-70.9732,41.86104],[-71.0378,41.81637],[-71.02704,41.77857],[-70.92295,41.79146],[-70.88705,41.76053],[-70.84398,41.62824],[-70.85475,41.58185],[-70.86911,41.62566],[-70.91218,41.61965],[-70.9373,41.57755],[-70.93013,41.53975],[-70.95166,41.51484],[-71.04139,41.49508],[-71.08447,41.50969],[-71.12036,41.49766],[-71.13113,41.66002],[-71.19573,41.67548],[-71.22445,41.71071],[-71.26034,41.75194],[-71.31777,41.77599],[-71.34648,41.8284],[-71.33931,41.89798],[-71.38238,41.89283],[-71.38238,41.98475]]]}},{"type":"Feature","id":"42097","properties":{"key":"northumberland","st":"PA","name":"Northumberland","fips":"42097"},"geometry":{"type":"Polygon","coordinates":[[[-76.9386,40.6386],[-76.85964,40.71162],[-76.85964,40.7812],[-76.79862,40.87828],[-76.79862,40.88171],[-76.85246,40.91264],[-76.88118,40.96848],[-76.85964,41.07243],[-76.88835,41.10163],[-76.89553,41.13943],[-76.88118,41.15833],[-76.78785,41.17551],[-76.73401,41.17208],[-76.73401,41.09218],[-76.77709,41.008],[-76.79144,40.947],[-76.66223,40.96762],[-76.60121,40.94185],[-76.55814,40.93841],[-76.56891,40.91522],[-76.52942,40.88257],[-76.5043,40.88257],[-76.50071,40.82502],[-76.41098,40.83361],[-76.37867,40.77519],[-76.70171,40.66351],[-76.70171,40.65836],[-76.74837,40.6532],[-76.91707,40.60338],[-76.94937,40.62829],[-76.9386,40.6386]]]}},{"type":"Feature","id":"24041","properties":{"key":"talbot","st":"MD","name":"Talbot","fips":"24041"},"geometry":{"type":"MultiPolygon","coordinates":[[[[-76.19921,38.8509],[-76.16332,38.87925],[-76.1023,38.88268],[-76.11666,38.91361],[-76.09153,38.94453],[-75.94796,38.91876],[-75.94796,38.8844],[-75.89771,38.81224],[-75.96591,38.77959],[-76.01616,38.72891],[-75.94437,38.67393],[-75.98385,38.62496],[-75.99103,38.59232],[-76.03051,38.57256],[-76.08435,38.62496],[-76.14537,38.63699],[-76.17408,38.67307],[-76.19921,38.67049],[-76.25664,38.73664],[-76.27458,38.71259],[-76.31766,38.72977],[-76.32125,38.67908],[-76.34637,38.68596],[-76.3356,38.77272],[-76.271,38.85176],[-76.22075,38.8131],[-76.19203,38.82169],[-76.19921,38.8509]]],[[[-76.39662,38.771],[-76.37867,38.78819],[-76.36073,38.74867],[-76.39662,38.771]]]]}},{"type":"Feature","id":"24510","properties":{"key":"baltimore","st":"MD","name":"Baltimore","fips":"24510,24005"},"geometry":{"type":"MultiPolygon","coordinates":[[[[-76.52942,39.24091],[-76.57609,39.2641],[-76.56532,39.22459],[-76.53301,39.20655],[-76.58326,39.20741],[-76.61916,39.23747],[-76.71248,39.27785],[-76.71248,39.37235],[-76.52942,39.37235],[-76.52942,39.24091]]],[[[-76.78785,39.72112],[-76.56891,39.72112],[-76.56532,39.6146],[-76.53301,39.54416],[-76.4361,39.50206],[-76.38585,39.45997],[-76.35714,39.38953],[-76.3356,39.30534],[-76.36432,39.31221],[-76.38585,39.27613],[-76.34278,39.25723],[-76.41816,39.21943],[-76.44328,39.19538],[-76.48994,39.20225],[-76.52942,39.24091],[-76.52942,39.37235],[-76.71248,39.37235],[-76.71248,39.27785],[-76.61916,39.23747],[-76.69812,39.21428],[-76.79503,39.26668],[-76.77709,39.29503],[-76.83451,39.31135],[-76.88118,39.35001],[-76.89194,39.45739],[-76.86682,39.5012],[-76.78785,39.72112]]]]}},{"type":"Feature","id":"42057","properties":{"key":"fulton","st":"PA","name":"Fulton","fips":"42057"},"geometry":{"type":"Polygon","coordinates":[[[-78.3815,39.72284],[-78.29895,39.82593],[-78.21998,39.99345],[-78.20563,40.04241],[-78.1805,40.05873],[-78.20563,40.08622],[-78.15896,40.12231],[-78.13384,40.16526],[-78.08,40.13347],[-77.92566,40.10169],[-77.86464,40.06131],[-77.91848,40.00375],[-78.00104,39.82679],[-78.09795,39.72284],[-78.34202,39.72284],[-78.3815,39.72284]]]}},{"type":"Feature","id":"51033","properties":{"key":"caroline","st":"VA","name":"Caroline","fips":"51033"},"geometry":{"type":"Polygon","coordinates":[[[-77.64211,37.99098],[-77.51648,38.10523],[-77.36932,38.24698],[-77.32625,38.24526],[-77.22575,38.24182],[-77.25087,38.2298],[-77.25446,38.18942],[-77.21498,38.19715],[-77.18985,38.17482],[-77.11448,38.1499],[-77.1073,38.12585],[-77.14319,38.1207],[-77.16832,38.07946],[-77.08935,38.01331],[-77.07141,37.96435],[-77.15037,37.97208],[-77.18268,37.94974],[-77.18268,37.89133],[-77.2401,37.90937],[-77.24728,37.87586],[-77.34419,37.7891],[-77.39803,37.77707],[-77.39444,37.80284],[-77.42675,37.82947],[-77.42316,37.8647],[-77.44469,37.89476],[-77.48418,37.8836],[-77.52725,37.92054],[-77.54519,37.91624],[-77.5775,37.95833],[-77.6098,37.95404],[-77.64211,37.99098]]]}},{"type":"Feature","id":"42095","properties":{"key":"northampton","st":"PA","name":"Northampton","fips":"42095"},"geometry":{"type":"Polygon","coordinates":[[[-75.61057,40.78722],[-75.47417,40.81471],[-75.37726,40.83275],[-75.28394,40.86625],[-75.21933,40.9281],[-75.11883,40.96848],[-75.0973,40.92381],[-75.05064,40.87055],[-75.13319,40.77347],[-75.17267,40.77777],[-75.20498,40.69186],[-75.17626,40.67296],[-75.20139,40.64719],[-75.1978,40.60853],[-75.33419,40.53723],[-75.40239,40.58104],[-75.37726,40.61541],[-75.4311,40.67382],[-75.48135,40.65578],[-75.5316,40.73653],[-75.55673,40.72107],[-75.59262,40.73481],[-75.61057,40.78722]]]}},{"type":"Feature","id":"25021","properties":{"key":"norfolk","st":"MA","name":"Norfolk","fips":"25021"},"geometry":{"type":"MultiPolygon","coordinates":[[[[-70.82604,42.26566],[-70.77938,42.25191],[-70.82604,42.20037],[-70.85475,42.23989],[-70.82604,42.26566]]],[[[-71.15625,42.33009],[-71.106,42.34899],[-71.15266,42.29487],[-71.16343,42.30346],[-71.15625,42.33009]]],[[[-71.47929,42.15656],[-71.42904,42.17975],[-71.34289,42.20037],[-71.33213,42.24934],[-71.30341,42.24848],[-71.32854,42.31377],[-71.27111,42.32837],[-71.22804,42.31892],[-71.19214,42.28284],[-71.13113,42.22786],[-71.11318,42.25879],[-71.05934,42.26738],[-71.04139,42.30346],[-70.99114,42.31291],[-70.98755,42.26738],[-70.95525,42.28456],[-70.91577,42.28885],[-70.90141,42.26738],[-70.93013,42.24676],[-70.91577,42.22528],[-70.92654,42.15742],[-71.08088,42.09557],[-71.36443,41.98561],[-71.38238,41.98475],[-71.38238,42.01911],[-71.49723,42.01739],[-71.49365,42.09986],[-71.47929,42.15656]]]]}},{"type":"Feature","id":"42067","properties":{"key":"juniata","st":"PA","name":"Juniata","fips":"42067"},"geometry":{"type":"Polygon","coordinates":[[[-77.28677,40.69358],[-77.15037,40.67726],[-77.11089,40.69186],[-77.09294,40.6764],[-77.03552,40.67726],[-77.0068,40.6429],[-76.9386,40.6386],[-76.94937,40.62829],[-77.02475,40.60424],[-77.18268,40.5819],[-77.16832,40.55957],[-77.29036,40.51833],[-77.54161,40.39892],[-77.53084,40.37573],[-77.56673,40.36714],[-77.67082,40.28982],[-77.70312,40.26319],[-77.75337,40.3783],[-77.61339,40.49084],[-77.61339,40.51404],[-77.49853,40.5819],[-77.49853,40.60939],[-77.36932,40.66781],[-77.28677,40.69358]]]}},{"type":"Feature","id":"42131","properties":{"key":"wyoming","st":"PA","name":"Wyoming","fips":"42131"},"geometry":{"type":"Polygon","coordinates":[[[-76.28176,41.37653],[-76.22075,41.54147],[-76.19921,41.648],[-76.11666,41.65143],[-76.08794,41.64456],[-75.71824,41.64198],[-75.77567,41.57412],[-75.8008,41.52343],[-75.77208,41.50367],[-75.8331,41.42722],[-76.00539,41.38426],[-76.28176,41.37653]]]}},{"type":"Feature","id":"42073","properties":{"key":"lawrence","st":"PA","name":"Lawrence","fips":"42073"},"geometry":{"type":"Polygon","coordinates":[[[-80.52072,41.12483],[-80.2587,41.12826],[-80.2587,41.1171],[-80.14743,41.11366],[-80.09718,41.06985],[-80.16538,41.00026],[-80.1582,40.85508],[-80.52072,40.85165],[-80.52072,40.90061],[-80.52072,41.12483]]]}},{"type":"Feature","id":"42085","properties":{"key":"mercer","st":"PA","name":"Mercer","fips":"42085"},"geometry":{"type":"Polygon","coordinates":[[[-80.52072,41.48907],[-80.1259,41.48048],[-80.00027,41.48993],[-80.00027,41.17208],[-80.09718,41.06985],[-80.14743,41.11366],[-80.2587,41.1171],[-80.2587,41.12826],[-80.52072,41.12483],[-80.52072,41.13342],[-80.51713,41.20902],[-80.52072,41.48907]]]}},{"type":"Feature","id":"42079","properties":{"key":"luzerne","st":"PA","name":"Luzerne","fips":"42079"},"geometry":{"type":"Polygon","coordinates":[[[-76.31048,41.31038],[-76.28176,41.37653],[-76.00539,41.38426],[-75.8331,41.42722],[-75.82951,41.39457],[-75.73978,41.34818],[-75.68594,41.33959],[-75.67876,41.26485],[-75.65364,41.25798],[-75.64287,41.17637],[-75.5998,41.16177],[-75.65005,41.12225],[-75.69312,41.1317],[-75.76849,41.09304],[-75.76849,41.05009],[-75.7326,41.008],[-75.85105,40.97192],[-75.99821,40.91264],[-76.02692,40.90233],[-76.20639,40.94958],[-76.22792,41.05181],[-76.22792,41.13857],[-76.27817,41.1317],[-76.32125,41.21159],[-76.31048,41.31038]]]}},{"type":"Feature","id":"51065","properties":{"key":"fluvanna","st":"VA","name":"Fluvanna","fips":"51065"},"geometry":{"type":"Polygon","coordinates":[[[-78.49277,37.79683],[-78.30613,38.00644],[-78.23075,37.97895],[-78.06205,37.90507],[-78.15537,37.76333],[-78.15896,37.74872],[-78.1805,37.74529],[-78.24152,37.69031],[-78.42098,37.74013],[-78.46405,37.75989],[-78.49277,37.79683]]]}},{"type":"Feature","id":"51133","properties":{"key":"northumberland","st":"VA","name":"Northumberland","fips":"51133"},"geometry":{"type":"Polygon","coordinates":[[[-76.51866,38.03479],[-76.46841,38.01331],[-76.41457,37.96692],[-76.34278,37.94717],[-76.2351,37.88875],[-76.25305,37.83291],[-76.30689,37.81229],[-76.32125,37.68086],[-76.37509,37.71178],[-76.36432,37.76848],[-76.40021,37.78051],[-76.42892,37.82862],[-76.46841,37.8226],[-76.50789,37.83892],[-76.54737,37.86899],[-76.55455,37.9317],[-76.63351,37.96692],[-76.61557,38.00129],[-76.5725,38.02706],[-76.51866,38.03479]]]}},{"type":"Feature","id":"51093","properties":{"key":"isle of wight","st":"VA","name":"Isle of Wight","fips":"51093"},"geometry":{"type":"Polygon","coordinates":[[[-76.92425,36.70754],[-76.90271,36.75737],[-76.86682,36.78829],[-76.85246,36.85186],[-76.81657,36.88021],[-76.81657,36.90599],[-76.85964,36.95581],[-76.84887,36.99619],[-76.69812,37.0589],[-76.673,37.14223],[-76.65505,37.03914],[-76.57609,37.02282],[-76.48635,36.95237],[-76.48276,36.92918],[-76.52942,36.91629],[-76.74837,36.75221],[-76.89912,36.64397],[-76.90989,36.64827],[-76.92425,36.68349],[-76.92425,36.68263],[-76.92425,36.68349],[-76.92425,36.68263],[-76.91707,36.69466],[-76.91707,36.69466],[-76.91707,36.70067],[-76.91707,36.69981],[-76.91707,36.70067],[-76.91707,36.69981],[-76.91707,36.70067],[-76.91707,36.69981],[-76.92066,36.69981],[-76.92066,36.69981],[-76.92425,36.69981],[-76.92425,36.69981],[-76.92784,36.69981],[-76.92784,36.70067],[-76.92784,36.69981],[-76.92784,36.70067],[-76.92425,36.70754]]]}},{"type":"Feature","id":"51685","properties":{"key":"manassas park","st":"VA","name":"Manassas Park","fips":"51685"},"geometry":{"type":"Polygon","coordinates":[[[-77.43393,38.77959],[-77.45905,38.77272],[-77.477,38.78131],[-77.43393,38.77959]]]}},{"type":"Feature","id":"42013","properties":{"key":"blair","st":"PA","name":"Blair","fips":"42013"},"geometry":{"type":"Polygon","coordinates":[[[-78.3492,40.72451],[-78.35996,40.73224],[-78.13025,40.74341],[-78.11589,40.73911],[-78.20563,40.69616],[-78.22357,40.67468],[-78.16614,40.61798],[-78.19845,40.55871],[-78.1482,40.54153],[-78.15179,40.48826],[-78.13384,40.47366],[-78.25588,40.29755],[-78.28818,40.24171],[-78.43534,40.30271],[-78.44611,40.24429],[-78.50713,40.28724],[-78.62198,40.32676],[-78.56455,40.37057],[-78.56097,40.43844],[-78.53943,40.5063],[-78.48559,40.54067],[-78.44611,40.59135],[-78.44252,40.64118],[-78.41021,40.64461],[-78.3492,40.72451]]]}},{"type":"Feature","id":"25019","properties":{"key":"nantucket","st":"MA","name":"Nantucket","fips":"25019"},"geometry":{"type":"Polygon","coordinates":[[[-70.27687,41.31038],[-70.23021,41.28977],[-70.12612,41.29406],[-70.06152,41.30867],[-70.01845,41.3688],[-69.96102,41.2786],[-69.96461,41.25283],[-70.0005,41.23908],[-70.11895,41.24252],[-70.26611,41.29406],[-70.27687,41.31038]]]}},{"type":"Feature","id":"51097","properties":{"key":"king and queen","st":"VA","name":"King and Queen","fips":"51097"},"geometry":{"type":"Polygon","coordinates":[[[-77.07141,37.96435],[-77.03193,37.92569],[-77.02116,37.88531],[-77.04269,37.86899],[-77.00321,37.83635],[-76.94578,37.82776],[-76.94219,37.78309],[-76.9063,37.79597],[-76.874,37.78309],[-76.8058,37.79511],[-76.75196,37.72896],[-76.71966,37.65766],[-76.65505,37.60354],[-76.66941,37.52966],[-76.64787,37.49616],[-76.66582,37.45578],[-76.71248,37.43173],[-76.74119,37.46695],[-76.79144,37.51764],[-76.77709,37.55458],[-76.88118,37.6568],[-76.9063,37.65509],[-76.91707,37.69374],[-77.03193,37.72123],[-77.075,37.77364],[-77.10371,37.78566],[-77.15037,37.88188],[-77.18268,37.89133],[-77.18268,37.94974],[-77.15037,37.97208],[-77.07141,37.96435]]]}},{"type":"Feature","id":"51520","properties":{"key":"bristol","st":"VA","name":"Bristol","fips":"51520"},"geometry":{"type":"Polygon","coordinates":[[[-82.24358,36.59586],[-82.17897,36.62679],[-82.11437,36.63882],[-82.14667,36.59501],[-82.24358,36.59586]]]}},{"type":"Feature","id":"51570","properties":{"key":"colonial heights","st":"VA","name":"Colonial Heights","fips":"51570"},"geometry":{"type":"Polygon","coordinates":[[[-77.40521,37.23758],[-77.41598,37.23329],[-77.43034,37.27624],[-77.36932,37.29858],[-77.38368,37.24274],[-77.40521,37.23758]]]}},{"type":"Feature","id":"25013","properties":{"key":"hampden","st":"MA","name":"Hampden","fips":"25013"},"geometry":{"type":"Polygon","coordinates":[[[-73.00115,42.31291],[-72.95449,42.34383],[-72.88629,42.33267],[-72.87911,42.26566],[-72.91142,42.23903],[-72.87193,42.21669],[-72.85758,42.24075],[-72.79297,42.23645],[-72.7822,42.19951],[-72.68529,42.18319],[-72.68888,42.21326],[-72.65658,42.22786],[-72.63504,42.27425],[-72.59915,42.26824],[-72.62427,42.23387],[-72.59197,42.21154],[-72.40533,42.23216],[-72.39456,42.18577],[-72.36584,42.20724],[-72.22227,42.24504],[-72.26534,42.18405],[-72.20074,42.16171],[-72.13613,42.16171],[-72.13613,42.03028],[-72.50942,42.03457],[-72.60633,42.03114],[-72.75708,42.03629],[-72.76784,42.00279],[-72.81809,41.99763],[-72.81451,42.03629],[-73.00833,42.03887],[-73.05499,42.03973],[-73.07293,42.09385],[-73.06935,42.14797],[-73.03345,42.14367],[-73.00474,42.2502],[-73.00115,42.31291]]]}},{"type":"Feature","id":"51185","properties":{"key":"tazewell","st":"VA","name":"Tazewell","fips":"51185"},"geometry":{"type":"Polygon","coordinates":[[[-81.9026,37.14223],[-81.85594,37.17401],[-81.76262,37.2015],[-81.73749,37.23844],[-81.67647,37.2015],[-81.55444,37.20752],[-81.50778,37.23243],[-81.5006,37.2582],[-81.41804,37.2728],[-81.38933,37.32005],[-81.36061,37.33809],[-81.32113,37.29943],[-81.22422,37.23501],[-81.28524,37.21611],[-81.2637,37.17315],[-81.31395,37.15941],[-81.32831,37.13879],[-81.27088,37.12762],[-81.27088,37.09326],[-81.35703,37.05804],[-81.4001,37.05804],[-81.46111,37.0357],[-81.43599,37.00993],[-81.47906,36.98588],[-81.47547,37.01852],[-81.57597,36.98931],[-81.68365,36.93262],[-81.70878,36.97729],[-81.78056,36.95839],[-81.82722,37.05374],[-81.89183,37.11302],[-81.9026,37.14223]]]}},{"type":"Feature","id":"51043","properties":{"key":"clarke","st":"VA","name":"Clarke","fips":"51043"},"geometry":{"type":"Polygon","coordinates":[[[-78.03334,39.26496],[-77.82875,39.13267],[-77.86105,39.08112],[-77.96155,39.01412],[-78.00462,38.97976],[-78.05846,39.01927],[-78.09795,39.01326],[-78.15179,39.03645],[-78.07282,39.1782],[-78.07641,39.20483],[-78.03334,39.26496]]]}},{"type":"Feature","id":"51083","properties":{"key":"halifax","st":"VA","name":"Halifax","fips":"51083"},"geometry":{"type":"Polygon","coordinates":[[[-79.21781,36.54174],[-79.09218,37.06148],[-79.00245,37.03055],[-78.97014,37.05031],[-78.90554,37.02196],[-78.90195,36.97986],[-78.81581,36.98416],[-78.79427,36.95581],[-78.74043,37.00134],[-78.72607,36.93777],[-78.7512,36.91973],[-78.67223,36.85788],[-78.68659,36.82437],[-78.66505,36.76424],[-78.69018,36.74191],[-78.64711,36.69809],[-78.67582,36.68864],[-78.71172,36.6414],[-78.7153,36.58126],[-78.73325,36.54174],[-78.79786,36.54174],[-79.13884,36.54174],[-79.21781,36.54174]]]}},{"type":"Feature","id":"51013","properties":{"key":"arlington","st":"VA","name":"Arlington","fips":"51013"},"geometry":{"type":"Polygon","coordinates":[[[-77.11807,38.93423],[-77.0391,38.87151],[-77.04269,38.83973],[-77.11089,38.84317],[-77.15037,38.87581],[-77.17191,38.89299],[-77.11807,38.93423]]]}},{"type":"Feature","id":"51181","properties":{"key":"surry","st":"VA","name":"Surry","fips":"51181"},"geometry":{"type":"Polygon","coordinates":[[[-77.15396,37.11216],[-77.07141,37.18432],[-77.01039,37.21267],[-77.01398,37.23329],[-76.97091,37.24875],[-76.94219,37.23415],[-76.90989,37.20236],[-76.86682,37.20923],[-76.80221,37.19807],[-76.74837,37.15082],[-76.71607,37.1491],[-76.68735,37.19892],[-76.66223,37.17401],[-76.673,37.14223],[-76.69812,37.0589],[-76.84887,36.99619],[-76.95296,36.94464],[-76.96732,37.00048],[-76.96373,37.0546],[-77.03552,37.07007],[-77.075,37.06663],[-77.15396,37.11216]]]}},{"type":"Feature","id":"51187","properties":{"key":"warren","st":"VA","name":"Warren","fips":"51187"},"geometry":{"type":"Polygon","coordinates":[[[-78.39586,38.82255],[-78.33484,38.88182],[-78.29895,38.94368],[-78.33484,38.94969],[-78.3133,39.0081],[-78.16255,39.01755],[-78.15179,39.03645],[-78.09795,39.01326],[-78.05846,39.01927],[-78.00462,38.97976],[-78.07641,38.91275],[-78.06205,38.89213],[-78.13025,38.86464],[-78.15179,38.85433],[-78.18409,38.79248],[-78.25229,38.75726],[-78.28459,38.75898],[-78.29177,38.78045],[-78.39586,38.82255]]]}},{"type":"Feature","id":"42111","properties":{"key":"somerset","st":"PA","name":"Somerset","fips":"42111"},"geometry":{"type":"Polygon","coordinates":[[[-79.29318,40.04069],[-79.25729,40.0888],[-79.21063,40.11887],[-79.1855,40.10942],[-79.16038,40.16096],[-79.14243,40.16354],[-79.05629,40.28467],[-78.93425,40.28467],[-78.89477,40.27178],[-78.884,40.24429],[-78.65788,40.24257],[-78.74043,40.0699],[-78.76197,40.05702],[-78.75838,39.82335],[-78.80863,39.72284],[-78.92707,39.72284],[-79.39368,39.72112],[-79.40086,39.75549],[-79.35779,39.78126],[-79.36497,39.82078],[-79.41881,39.85342],[-79.39727,39.90067],[-79.29318,40.04069]]]}},{"type":"Feature","id":"36109","properties":{"key":"tompkins","st":"NY","name":"Tompkins","fips":"36109"},"geometry":{"type":"Polygon","coordinates":[[[-76.69812,42.54657],[-76.58685,42.55001],[-76.61916,42.56633],[-76.66582,42.62303],[-76.45764,42.62732],[-76.45764,42.61873],[-76.26382,42.62389],[-76.25305,42.4074],[-76.29971,42.38507],[-76.24228,42.36359],[-76.24946,42.29659],[-76.34996,42.31806],[-76.41457,42.31806],[-76.41457,42.26308],[-76.47559,42.26394],[-76.47559,42.28112],[-76.5366,42.28198],[-76.61916,42.28284],[-76.69094,42.28456],[-76.68735,42.37476],[-76.69812,42.54657]]]}},{"type":"Feature","id":"36067","properties":{"key":"onondaga","st":"NY","name":"Onondaga","fips":"36067"},"geometry":{"type":"Polygon","coordinates":[[[-76.47917,43.22781],[-76.30689,43.23038],[-76.28176,43.20117],[-76.26023,43.23726],[-76.22433,43.20461],[-76.19562,43.2175],[-76.2028,43.27162],[-75.99462,43.18313],[-75.96949,43.15479],[-75.97667,43.09122],[-75.91924,43.0895],[-75.89771,42.79054],[-76.27458,42.77165],[-76.30689,42.81374],[-76.35714,42.84982],[-76.45046,42.84552],[-76.46123,43.00617],[-76.49353,43.00531],[-76.49712,43.10238],[-76.472,43.10668],[-76.47917,43.22781]]]}},{"type":"Feature","id":"36001","properties":{"key":"albany","st":"NY","name":"Albany","fips":"36001"},"geometry":{"type":"Polygon","coordinates":[[[-74.18203,42.72955],[-73.81233,42.77508],[-73.80874,42.77852],[-73.76926,42.78625],[-73.73695,42.81975],[-73.69029,42.77508],[-73.67594,42.78367],[-73.70824,42.69433],[-73.75849,42.61444],[-73.75131,42.56633],[-73.78361,42.4641],[-74.25381,42.40826],[-74.26458,42.42029],[-74.22869,42.49417],[-74.24304,42.55087],[-74.19279,42.61873],[-74.16408,42.71752],[-74.18203,42.72955]]]}},{"type":"Feature","id":"36103","properties":{"key":"suffolk","st":"NY","name":"Suffolk","fips":"36103"},"geometry":{"type":"MultiPolygon","coordinates":[[[[-72.03563,41.2554],[-72.02486,41.27087],[-71.92795,41.28977],[-72.00333,41.25283],[-72.03563,41.2554]]],[[[-72.14331,41.0982],[-72.12536,41.11538],[-72.08588,41.10163],[-72.08588,41.05868],[-72.10741,41.08875],[-72.14331,41.0982]]],[[[-72.21509,41.18324],[-72.15766,41.19699],[-72.20074,41.16005],[-72.21509,41.18324]]],[[[-73.42469,40.61025],[-73.43186,40.72365],[-73.46058,40.86711],[-73.49647,40.92295],[-73.4857,40.94614],[-73.40674,40.92037],[-73.39956,40.95559],[-73.36726,40.93154],[-73.29547,40.92467],[-73.23086,40.90491],[-73.14831,40.92896],[-73.14113,40.9659],[-73.08011,40.97277],[-73.04422,40.96247],[-72.77502,40.96504],[-72.63504,40.98222],[-72.58479,40.99769],[-72.47711,41.05181],[-72.44481,41.08617],[-72.40174,41.09734],[-72.35508,41.14029],[-72.2797,41.15833],[-72.23663,41.15661],[-72.30124,41.11194],[-72.33354,41.10679],[-72.2797,41.08016],[-72.26175,41.04236],[-72.20074,41.03205],[-72.16125,41.05353],[-72.10383,40.99167],[-72.04999,41.00628],[-71.96743,41.04751],[-71.96025,41.07157],[-71.89924,41.08102],[-71.85616,41.07071],[-71.87411,41.05267],[-72.11459,40.97192],[-72.39456,40.86625],[-72.57402,40.81299],[-72.86476,40.7331],[-73.05499,40.66609],[-73.20933,40.63087],[-73.30624,40.62056],[-73.32777,40.63345],[-73.42469,40.61025]]]]}},{"type":"Feature","id":"36045","properties":{"key":"jefferson","st":"NY","name":"Jefferson","fips":"36045"},"geometry":{"type":"MultiPolygon","coordinates":[[[[-76.37509,43.87468],[-76.31766,43.91763],[-76.3356,43.87897],[-76.37509,43.87468]]],[[[-75.86182,44.403],[-75.44546,44.21744],[-75.54596,44.10319],[-75.48494,44.07398],[-75.50289,44.00955],[-75.54955,44.00783],[-75.54237,43.96746],[-75.60339,43.97175],[-75.75773,43.87897],[-75.84028,43.88413],[-75.85105,43.79221],[-75.78644,43.78791],[-75.77567,43.68912],[-76.02333,43.70716],[-76.02333,43.6685],[-76.19921,43.68053],[-76.22792,43.80423],[-76.29971,43.8386],[-76.26023,43.88155],[-76.20998,43.891],[-76.2028,43.86265],[-76.12742,43.89787],[-76.13819,43.93481],[-76.20639,43.97519],[-76.28535,43.9623],[-76.26741,43.98721],[-76.32125,44.03103],[-76.37509,44.03189],[-76.3715,44.10061],[-76.31407,44.1994],[-76.24587,44.2037],[-76.16332,44.23978],[-76.16332,44.28101],[-76.09871,44.29991],[-76.0018,44.34716],[-75.96949,44.34287],[-75.86182,44.403]]],[[[-76.45405,43.891],[-76.41098,43.92536],[-76.37867,43.92107],[-76.45405,43.891]]]]}},{"type":"Feature","id":"34041","properties":{"key":"warren","st":"NJ","name":"Warren","fips":"34041"},"geometry":{"type":"Polygon","coordinates":[[[-75.11883,40.96848],[-75.13319,40.9891],[-75.02551,41.03978],[-74.96808,41.09476],[-74.77067,40.91092],[-74.80656,40.88171],[-74.81733,40.83704],[-74.88912,40.78808],[-74.96808,40.71076],[-75.01833,40.69444],[-75.10806,40.63946],[-75.14755,40.62829],[-75.19062,40.59135],[-75.1978,40.60853],[-75.20139,40.64719],[-75.17626,40.67296],[-75.20498,40.69186],[-75.17267,40.77777],[-75.13319,40.77347],[-75.05064,40.87055],[-75.0973,40.92381],[-75.11883,40.96848]]]}},{"type":"Feature","id":"51191","properties":{"key":"washington","st":"VA","name":"Washington","fips":"51191"},"geometry":{"type":"Polygon","coordinates":[[[-81.83799,36.92918],[-81.69801,36.78915],[-81.61904,36.63366],[-81.60469,36.63796],[-81.64776,36.61219],[-81.82722,36.61391],[-81.92413,36.61648],[-81.9349,36.59415],[-82.14667,36.59501],[-82.11437,36.63882],[-82.17897,36.62679],[-82.24358,36.59586],[-82.29383,36.59586],[-82.33331,36.70926],[-82.22563,36.76252],[-82.1036,36.7986],[-82.11796,36.8175],[-82.07488,36.85616],[-81.98156,36.87935],[-81.94567,36.86475],[-81.88465,36.88966],[-81.83799,36.92918]]]}},{"type":"Feature","id":"42045","properties":{"key":"delaware","st":"PA","name":"Delaware","fips":"42045"},"geometry":{"type":"Polygon","coordinates":[[[-75.35931,40.06561],[-75.27676,39.97712],[-75.23369,39.93761],[-75.2624,39.87661],[-75.21215,39.86545],[-75.26958,39.84912],[-75.35573,39.83967],[-75.41674,39.80188],[-75.4993,39.83366],[-75.59621,39.8371],[-75.59621,39.87404],[-75.52442,39.94448],[-75.43469,39.98486],[-75.45264,39.99345],[-75.40598,40.02695],[-75.41674,40.04155],[-75.35931,40.06561]]]}},{"type":"Feature","id":"36051","properties":{"key":"livingston","st":"NY","name":"Livingston","fips":"36051"},"geometry":{"type":"Polygon","coordinates":[[[-77.95437,42.86271],[-77.95437,42.90566],[-77.9113,42.94518],[-77.9113,42.98813],[-77.73184,42.98813],[-77.73184,42.94518],[-77.58109,42.94432],[-77.54519,42.86528],[-77.58827,42.85411],[-77.58827,42.76305],[-77.61339,42.76305],[-77.59903,42.67199],[-77.48777,42.67028],[-77.49136,42.5775],[-77.66005,42.58007],[-77.66005,42.5354],[-77.72107,42.5354],[-77.72466,42.47097],[-77.83952,42.47441],[-77.83952,42.51736],[-78.03693,42.52166],[-78.06205,42.53283],[-77.95796,42.6677],[-77.95437,42.86271]]]}},{"type":"Feature","id":"34035","properties":{"key":"somerset","st":"NJ","name":"Somerset","fips":"34035"},"geometry":{"type":"Polygon","coordinates":[[[-74.72401,40.71935],[-74.55531,40.75801],[-74.51224,40.69788],[-74.52301,40.64891],[-74.46199,40.67382],[-74.45122,40.65406],[-74.40456,40.66695],[-74.4261,40.6197],[-74.46199,40.59908],[-74.51224,40.5819],[-74.5266,40.55957],[-74.4584,40.496],[-74.53019,40.44102],[-74.58403,40.41782],[-74.61992,40.37401],[-74.65222,40.39119],[-74.72042,40.37487],[-74.74913,40.42383],[-74.79939,40.51575],[-74.77426,40.50373],[-74.71324,40.58362],[-74.70247,40.62142],[-74.7276,40.63259],[-74.72401,40.71935]]]}},{"type":"Feature","id":"36121","properties":{"key":"wyoming","st":"NY","name":"Wyoming","fips":"36121"},"geometry":{"type":"Polygon","coordinates":[[[-78.46405,42.86786],[-78.07282,42.87044],[-77.95437,42.86271],[-77.95796,42.6677],[-78.06205,42.53283],[-78.03693,42.52166],[-78.30971,42.5208],[-78.46405,42.51908],[-78.46405,42.53626],[-78.46405,42.78024],[-78.48918,42.78024],[-78.48559,42.86786],[-78.46405,42.86786]]]}},{"type":"Feature","id":"36097","properties":{"key":"schuyler","st":"NY","name":"Schuyler","fips":"36097"},"geometry":{"type":"Polygon","coordinates":[[[-77.1073,42.48386],[-76.98885,42.48472],[-76.98885,42.46324],[-76.88835,42.46324],[-76.89553,42.54142],[-76.69812,42.54657],[-76.68735,42.37476],[-76.69094,42.28456],[-76.61916,42.28284],[-76.64069,42.23387],[-76.73401,42.24848],[-76.73401,42.29401],[-76.96373,42.28714],[-76.96373,42.27854],[-77.10012,42.27253],[-77.1073,42.48386]]]}},{"type":"Feature","id":"42063","properties":{"key":"indiana","st":"PA","name":"Indiana","fips":"42063"},"geometry":{"type":"Polygon","coordinates":[[[-79.45111,40.53036],[-79.21422,40.77605],[-79.21422,40.91092],[-78.80504,40.90577],[-78.80145,40.72451],[-78.85888,40.60424],[-78.97373,40.39635],[-79.01681,40.4204],[-79.05988,40.38088],[-79.1209,40.37057],[-79.11731,40.39463],[-79.15679,40.41181],[-79.32548,40.45304],[-79.39368,40.45734],[-79.42957,40.48912],[-79.44752,40.48053],[-79.45111,40.53036]]]}},{"type":"Feature","id":"42077","properties":{"key":"lehigh","st":"PA","name":"Lehigh","fips":"42077"},"geometry":{"type":"Polygon","coordinates":[[[-75.75773,40.73567],[-75.69312,40.77004],[-75.61057,40.78722],[-75.59262,40.73481],[-75.55673,40.72107],[-75.5316,40.73653],[-75.48135,40.65578],[-75.4311,40.67382],[-75.37726,40.61541],[-75.40239,40.58104],[-75.33419,40.53723],[-75.40957,40.48826],[-75.48494,40.41868],[-75.52801,40.44703],[-75.64287,40.51747],[-75.89053,40.67726],[-75.75773,40.73567]]]}},{"type":"Feature","id":"51195","properties":{"key":"wise","st":"VA","name":"Wise","fips":"51195"},"geometry":{"type":"Polygon","coordinates":[[[-82.86812,36.97385],[-82.82505,37.0065],[-82.78197,37.00821],[-82.72455,37.04172],[-82.72455,37.1156],[-82.63481,37.15425],[-82.56662,37.19635],[-82.55226,37.20322],[-82.54508,37.12505],[-82.49483,37.05976],[-82.48047,37.02282],[-82.37997,36.98072],[-82.36203,36.95581],[-82.32613,36.97127],[-82.29742,36.90599],[-82.4051,36.87678],[-82.40151,36.88451],[-82.63481,36.8785],[-82.65635,36.84499],[-82.69942,36.81664],[-82.74967,36.83297],[-82.77121,36.80032],[-82.83581,36.84757],[-82.87889,36.8931],[-82.85735,36.92746],[-82.86812,36.97385]],[[-82.66353,36.92059],[-82.61328,36.90513],[-82.59892,36.95839],[-82.63481,36.95237],[-82.66353,36.92059]]]}},{"type":"Feature","id":"51840","properties":{"key":"winchester","st":"VA","name":"Winchester","fips":"51840"},"geometry":{"type":"Polygon","coordinates":[[[-78.18768,39.17476],[-78.18768,39.20483],[-78.13743,39.18421],[-78.18409,39.13095],[-78.18768,39.17476]]]}},{"type":"Feature","id":"42117","properties":{"key":"tioga","st":"PA","name":"Tioga","fips":"42117"},"geometry":{"type":"Polygon","coordinates":[[[-77.6098,41.99935],[-77.12525,41.99935],[-76.96732,42.00107],[-76.92784,42.00193],[-76.89912,41.8095],[-76.874,41.59731],[-76.96014,41.55178],[-77.59903,41.54233],[-77.6098,41.99935]]]}},{"type":"Feature","id":"42103","properties":{"key":"pike","st":"PA","name":"Pike","fips":"42103"},"geometry":{"type":"Polygon","coordinates":[[[-75.06858,41.60161],[-74.98603,41.50883],[-74.98244,41.47962],[-74.94296,41.48391],[-74.88912,41.45557],[-74.8963,41.4401],[-74.80656,41.44268],[-74.75631,41.42464],[-74.6953,41.35763],[-74.75272,41.34647],[-74.83169,41.28719],[-74.88194,41.18067],[-74.92142,41.13857],[-74.99321,41.09218],[-75.0291,41.08016],[-75.07576,41.14115],[-75.15473,41.1506],[-75.1296,41.25197],[-75.35931,41.23908],[-75.34137,41.25455],[-75.31265,41.33186],[-75.35214,41.36794],[-75.26599,41.37224],[-75.25164,41.41261],[-75.18703,41.44268],[-75.16908,41.47532],[-75.06858,41.60161]]]}},{"type":"Feature","id":"42087","properties":{"key":"mifflin","st":"PA","name":"Mifflin","fips":"42087"},"geometry":{"type":"Polygon","coordinates":[[[-77.68159,40.72966],[-77.43752,40.82416],[-77.36573,40.84735],[-77.35496,40.80698],[-77.35496,40.70131],[-77.28677,40.69358],[-77.36932,40.66781],[-77.49853,40.60939],[-77.49853,40.5819],[-77.61339,40.51404],[-77.61339,40.49084],[-77.75337,40.3783],[-77.76055,40.36886],[-77.85746,40.36542],[-77.91489,40.39892],[-77.82516,40.49256],[-77.84311,40.55012],[-77.78927,40.61197],[-77.68159,40.68241],[-77.70312,40.67983],[-77.68159,40.72966]]]}},{"type":"Feature","id":"42107","properties":{"key":"schuylkill","st":"PA","name":"Schuylkill","fips":"42107"},"geometry":{"type":"Polygon","coordinates":[[[-76.37867,40.77519],[-76.30689,40.80182],[-76.28535,40.88343],[-76.20639,40.94958],[-76.02692,40.90233],[-75.99821,40.91264],[-75.88694,40.81643],[-75.75773,40.73567],[-75.89053,40.67726],[-75.99462,40.63946],[-76.01257,40.57761],[-76.06641,40.57932],[-76.1705,40.53465],[-76.25664,40.51747],[-76.33919,40.51575],[-76.43969,40.496],[-76.5366,40.55527],[-76.70171,40.65836],[-76.70171,40.66351],[-76.37867,40.77519]]]}},{"type":"Feature","id":"42081","properties":{"key":"lycoming","st":"PA","name":"Lycoming","fips":"42081"},"geometry":{"type":"Polygon","coordinates":[[[-77.59903,41.54233],[-76.96014,41.55178],[-76.874,41.59731],[-76.81298,41.59044],[-76.74837,41.40574],[-76.59403,41.30437],[-76.44687,41.27602],[-76.59403,41.15747],[-76.64069,41.15575],[-76.73401,41.17208],[-76.78785,41.17551],[-76.88118,41.15833],[-76.89553,41.13943],[-76.96014,41.14888],[-76.97809,41.08789],[-77.05705,41.08531],[-77.14319,41.06899],[-77.16473,41.06899],[-77.32266,41.21932],[-77.35137,41.22018],[-77.47341,41.31468],[-77.477,41.33787],[-77.52725,41.35849],[-77.58468,41.44096],[-77.59903,41.47876],[-77.59903,41.54233]]]}},{"type":"Feature","id":"42037","properties":{"key":"columbia","st":"PA","name":"Columbia","fips":"42037"},"geometry":{"type":"Polygon","coordinates":[[[-76.64069,41.15575],[-76.59403,41.15747],[-76.44687,41.27602],[-76.40739,41.30867],[-76.31048,41.31038],[-76.32125,41.21159],[-76.27817,41.1317],[-76.22792,41.13857],[-76.22792,41.05181],[-76.20639,40.94958],[-76.28535,40.88343],[-76.30689,40.80182],[-76.37867,40.77519],[-76.41098,40.83361],[-76.50071,40.82502],[-76.5043,40.88257],[-76.52942,40.88257],[-76.51507,40.95903],[-76.56532,40.9994],[-76.56891,41.05353],[-76.61916,41.06383],[-76.64069,41.15575]]]}},{"type":"Feature","id":"51036","properties":{"key":"charles city","st":"VA","name":"Charles City","fips":"51036"},"geometry":{"type":"Polygon","coordinates":[[[-77.25087,37.3819],[-77.22216,37.40682],[-77.17909,37.49101],[-77.12525,37.47125],[-77.09653,37.44032],[-77.02116,37.41627],[-76.94219,37.41025],[-76.94219,37.38362],[-76.90271,37.40424],[-76.90271,37.37761],[-76.90989,37.3484],[-76.874,37.36558],[-76.874,37.26078],[-76.94219,37.23415],[-76.97091,37.24875],[-77.01039,37.30545],[-77.06782,37.26937],[-77.08577,37.3106],[-77.12525,37.30287],[-77.27241,37.32091],[-77.25087,37.3819]]]}},{"type":"Feature","id":"51139","properties":{"key":"page","st":"VA","name":"Page","fips":"51139"},"geometry":{"type":"Polygon","coordinates":[[[-78.64352,38.60435],[-78.58968,38.68682],[-78.5502,38.73063],[-78.51072,38.72547],[-78.39586,38.82255],[-78.29177,38.78045],[-78.28459,38.75898],[-78.32048,38.7375],[-78.33125,38.70228],[-78.3133,38.68252],[-78.33843,38.62754],[-78.38509,38.58287],[-78.3815,38.56139],[-78.43534,38.52188],[-78.45329,38.47549],[-78.48559,38.42137],[-78.54661,38.42652],[-78.55738,38.44714],[-78.62198,38.46604],[-78.63275,38.49782],[-78.69018,38.51157],[-78.64352,38.60435]]]}},{"type":"Feature","id":"51021","properties":{"key":"bland","st":"VA","name":"Bland","fips":"51021"},"geometry":{"type":"Polygon","coordinates":[[[-81.22422,37.23501],[-81.11295,37.27882],[-80.98015,37.30201],[-80.98015,37.29256],[-81.01245,37.27538],[-80.85452,37.14738],[-80.9299,37.11474],[-80.91195,37.0735],[-81.03399,37.04687],[-81.11295,37.02282],[-81.16679,37.02454],[-81.22422,37.04773],[-81.28524,37.01938],[-81.37856,36.95237],[-81.43599,37.00993],[-81.46111,37.0357],[-81.4001,37.05804],[-81.35703,37.05804],[-81.27088,37.09326],[-81.27088,37.12762],[-81.32831,37.13879],[-81.31395,37.15941],[-81.2637,37.17315],[-81.28524,37.21611],[-81.22422,37.23501]]]}},{"type":"Feature","id":"51183","properties":{"key":"sussex","st":"VA","name":"Sussex","fips":"51183"},"geometry":{"type":"Polygon","coordinates":[[[-77.62057,36.87764],[-77.39803,36.99275],[-77.15396,37.11216],[-77.075,37.06663],[-77.03552,37.07007],[-76.96373,37.0546],[-76.96732,37.00048],[-76.95296,36.94464],[-77.11807,36.85874],[-77.34419,36.75221],[-77.43034,36.70754],[-77.49136,36.72129],[-77.45905,36.86303],[-77.5093,36.84499],[-77.5775,36.85186],[-77.62057,36.87764]]]}},{"type":"Feature","id":"51111","properties":{"key":"lunenburg","st":"VA","name":"Lunenburg","fips":"51111"},"geometry":{"type":"Polygon","coordinates":[[[-78.49277,36.89138],[-78.44252,37.07952],[-78.35996,37.10615],[-78.27382,37.10357],[-78.23793,37.11989],[-78.23075,37.0967],[-78.16973,37.05718],[-78.08359,37.0168],[-78.00462,37.02282],[-78.02616,36.77799],[-78.1123,36.7986],[-78.24152,36.80805],[-78.32048,36.84929],[-78.39586,36.86389],[-78.42098,36.85186],[-78.49277,36.89138]]]}},{"type":"Feature","id":"51027","properties":{"key":"buchanan","st":"VA","name":"Buchanan","fips":"51027"},"geometry":{"type":"Polygon","coordinates":[[[-81.96721,37.53739],[-81.92772,37.51248],[-81.99233,37.48327],[-81.98874,37.45492],[-81.9349,37.43603],[-81.92772,37.35871],[-81.87747,37.33208],[-81.85235,37.28741],[-81.78774,37.28483],[-81.74467,37.26335],[-81.73749,37.23844],[-81.76262,37.2015],[-81.85594,37.17401],[-81.9026,37.14223],[-81.98874,37.12848],[-82.0354,37.05117],[-82.15026,37.04172],[-82.1359,37.05031],[-82.15744,37.11044],[-82.2364,37.21267],[-82.25076,37.2728],[-82.29383,37.30631],[-82.31537,37.296],[-81.96721,37.53739]]]}},{"type":"Feature","id":"51117","properties":{"key":"mecklenburg","st":"VA","name":"Mecklenburg","fips":"51117"},"geometry":{"type":"Polygon","coordinates":[[[-78.64711,36.69809],[-78.49277,36.89138],[-78.42098,36.85186],[-78.39586,36.86389],[-78.32048,36.84929],[-78.24152,36.80805],[-78.1123,36.7986],[-78.02616,36.77799],[-78.0477,36.54432],[-78.32407,36.54346],[-78.45688,36.5426],[-78.73325,36.54174],[-78.7153,36.58126],[-78.71172,36.6414],[-78.67582,36.68864],[-78.64711,36.69809]]]}},{"type":"Feature","id":"51007","properties":{"key":"amelia","st":"VA","name":"Amelia","fips":"51007"},"geometry":{"type":"Polygon","coordinates":[[[-78.23434,37.36816],[-78.18409,37.44462],[-78.13384,37.45492],[-78.06564,37.45235],[-78.01539,37.47211],[-78.01539,37.49186],[-77.90054,37.47554],[-77.86464,37.45664],[-77.85387,37.41799],[-77.87541,37.41713],[-77.879,37.36644],[-77.83593,37.33809],[-77.79645,37.3338],[-77.80721,37.30459],[-77.76055,37.26937],[-77.70312,37.296],[-77.64928,37.26507],[-77.7462,37.19291],[-77.79645,37.19291],[-77.82516,37.20236],[-78.23075,37.296],[-78.23434,37.36816]]]}},{"type":"Feature","id":"51073","properties":{"key":"gloucester","st":"VA","name":"Gloucester","fips":"51073"},"geometry":{"type":"Polygon","coordinates":[[[-76.65505,37.60354],[-76.59403,37.58808],[-76.50071,37.53654],[-76.4361,37.5142],[-76.45046,37.48499],[-76.44687,37.4197],[-76.4038,37.39994],[-76.44687,37.36644],[-76.40739,37.33294],[-76.38226,37.28569],[-76.34996,37.27366],[-76.41816,37.26421],[-76.49712,37.24102],[-76.60121,37.31404],[-76.65864,37.38019],[-76.71248,37.43173],[-76.66582,37.45578],[-76.64787,37.49616],[-76.66941,37.52966],[-76.65505,37.60354]]]}},{"type":"Feature","id":"51171","properties":{"key":"shenandoah","st":"VA","name":"Shenandoah","fips":"51171"},"geometry":{"type":"Polygon","coordinates":[[[-78.54302,39.05621],[-78.45329,39.02786],[-78.4497,39.05621],[-78.39227,39.10174],[-78.34561,39.09573],[-78.34561,39.05965],[-78.3133,39.0081],[-78.33484,38.94969],[-78.29895,38.94368],[-78.33484,38.88182],[-78.39586,38.82255],[-78.51072,38.72547],[-78.5502,38.73063],[-78.58968,38.68682],[-78.64352,38.60435],[-78.86964,38.76327],[-78.79786,38.87495],[-78.7153,38.93594],[-78.7153,38.90502],[-78.67941,38.92563],[-78.62557,38.98233],[-78.60045,38.96429],[-78.5502,39.01841],[-78.57173,39.03216],[-78.54302,39.05621]]]}},{"type":"Feature","id":"51051","properties":{"key":"dickenson","st":"VA","name":"Dickenson","fips":"51051"},"geometry":{"type":"Polygon","coordinates":[[[-82.55226,37.20322],[-82.48765,37.23157],[-82.35485,37.26507],[-82.31537,37.296],[-82.29383,37.30631],[-82.25076,37.2728],[-82.2364,37.21267],[-82.15744,37.11044],[-82.1359,37.05031],[-82.15026,37.04172],[-82.19692,37.03141],[-82.26153,36.98931],[-82.28665,36.99876],[-82.32613,36.97127],[-82.36203,36.95581],[-82.37997,36.98072],[-82.48047,37.02282],[-82.49483,37.05976],[-82.54508,37.12505],[-82.55226,37.20322]]]}},{"type":"Feature","id":"36107","properties":{"key":"tioga","st":"NY","name":"Tioga","fips":"36107"},"geometry":{"type":"Polygon","coordinates":[[[-76.5366,42.28198],[-76.47559,42.28112],[-76.47559,42.26394],[-76.41457,42.26308],[-76.41457,42.31806],[-76.34996,42.31806],[-76.24946,42.29659],[-76.24228,42.36359],[-76.29971,42.38507],[-76.25305,42.4074],[-76.13101,42.40998],[-76.08076,42.23044],[-76.08794,42.18663],[-76.11666,42.18577],[-76.10589,41.99849],[-76.14537,41.99849],[-76.55814,42.00021],[-76.54019,42.05175],[-76.56173,42.1557],[-76.5366,42.1557],[-76.5366,42.28198]]]}},{"type":"Feature","id":"51790","properties":{"key":"staunton","st":"VA","name":"Staunton","fips":"51790"},"geometry":{"type":"Polygon","coordinates":[[[-79.11372,38.1542],[-79.09218,38.18598],[-79.03475,38.19887],[-79.00963,38.18169],[-79.02039,38.14389],[-79.04911,38.12241],[-79.085,38.12671],[-79.11372,38.1542]]]}},{"type":"Feature","id":"24015","properties":{"key":"cecil","st":"MD","name":"Cecil","fips":"24015"},"geometry":{"type":"Polygon","coordinates":[[[-76.23151,39.72198],[-76.1346,39.72198],[-75.79003,39.72198],[-75.79003,39.6481],[-75.76849,39.3775],[-75.82233,39.3818],[-75.88694,39.36118],[-76.0018,39.37664],[-76.04128,39.38781],[-75.97667,39.44794],[-76.01257,39.4531],[-75.96949,39.5579],[-76.07717,39.5433],[-76.14896,39.61976],[-76.17408,39.66013],[-76.21357,39.68676],[-76.23151,39.72198]]]}},{"type":"Feature","id":"09009","properties":{"key":"new haven","st":"CT","name":"New Haven","fips":"09009"},"geometry":{"type":"Polygon","coordinates":[[[-72.9832,41.6394],[-72.94013,41.64456],[-72.93295,41.60762],[-72.94731,41.55693],[-72.87911,41.56295],[-72.84322,41.54491],[-72.80015,41.57326],[-72.75349,41.57927],[-72.73554,41.48563],[-72.74631,41.42292],[-72.65299,41.43838],[-72.6135,41.38598],[-72.6135,41.33014],[-72.54531,41.28032],[-72.53813,41.2554],[-72.57043,41.26829],[-72.66376,41.26915],[-72.68888,41.24681],[-72.75349,41.26657],[-72.89706,41.24338],[-72.90783,41.29492],[-72.94013,41.28032],[-73.00833,41.20987],[-73.0514,41.20987],[-73.10883,41.16864],[-73.12318,41.17895],[-73.10883,41.22963],[-73.06935,41.30093],[-73.11601,41.33186],[-73.18779,41.40832],[-73.30983,41.46845],[-73.3206,41.50367],[-73.15549,41.5157],[-73.16626,41.55693],[-73.09447,41.56982],[-73.05858,41.60676],[-72.9832,41.6394]]]}},{"type":"Feature","id":"24027","properties":{"key":"howard","st":"MD","name":"Howard","fips":"24027"},"geometry":{"type":"Polygon","coordinates":[[[-77.16832,39.35345],[-77.16832,39.35431],[-77.10012,39.36891],[-77.02475,39.35087],[-76.97091,39.36376],[-76.88118,39.35001],[-76.83451,39.31135],[-76.77709,39.29503],[-76.79503,39.26668],[-76.69812,39.21428],[-76.74478,39.17992],[-76.78785,39.12837],[-76.84169,39.10346],[-76.88835,39.13095],[-76.99603,39.16617],[-77.01039,39.20655],[-77.07141,39.2538],[-77.12884,39.2684],[-77.18627,39.34056],[-77.16832,39.35345]]]}},{"type":"Feature","id":"10001","properties":{"key":"kent","st":"DE","name":"Kent","fips":"10001"},"geometry":{"type":"Polygon","coordinates":[[[-75.76132,39.29675],[-75.6644,39.29074],[-75.58544,39.30878],[-75.55314,39.35431],[-75.51365,39.36547],[-75.43828,39.31307],[-75.40239,39.25465],[-75.39162,39.20483],[-75.40957,39.17476],[-75.40239,39.06652],[-75.34496,39.02529],[-75.31265,38.94625],[-75.38085,38.96172],[-75.40239,38.91876],[-75.48494,38.90416],[-75.52083,38.85605],[-75.55673,38.83543],[-75.72183,38.83028],[-75.74696,39.14298],[-75.75773,39.24606],[-75.76132,39.29675]]]}},{"type":"Feature","id":"34029","properties":{"key":"ocean","st":"NJ","name":"Ocean","fips":"34029"},"geometry":{"type":"Polygon","coordinates":[[[-74.03128,40.10083],[-74.07794,39.91098],[-74.09588,39.76236],[-74.23946,39.55533],[-74.31124,39.49949],[-74.37944,39.49863],[-74.41892,39.55704],[-74.39021,39.5957],[-74.39021,39.77353],[-74.55172,40.07935],[-74.40815,40.17213],[-74.26099,40.16698],[-74.24304,40.11543],[-74.15331,40.09997],[-74.10665,40.13691],[-74.07076,40.0888],[-74.03128,40.10083]]]}},{"type":"Feature","id":"36015","properties":{"key":"chemung","st":"NY","name":"Chemung","fips":"36015"},"geometry":{"type":"Polygon","coordinates":[[[-76.96732,42.00107],[-76.96373,42.27854],[-76.96373,42.28714],[-76.73401,42.29401],[-76.73401,42.24848],[-76.64069,42.23387],[-76.61916,42.28284],[-76.5366,42.28198],[-76.5366,42.1557],[-76.56173,42.1557],[-76.54019,42.05175],[-76.55814,42.00021],[-76.92784,42.00193],[-76.96732,42.00107]]]}},{"type":"Feature","id":"34003","properties":{"key":"bergen","st":"NJ","name":"Bergen","fips":"34003"},"geometry":{"type":"Polygon","coordinates":[[[-74.21074,41.13342],[-73.90565,40.99769],[-73.89488,40.99683],[-73.91642,40.91779],[-73.93437,40.88171],[-73.98462,40.79924],[-74.01692,40.8233],[-74.09947,40.77605],[-74.14613,40.78636],[-74.13178,40.81986],[-74.12101,40.85852],[-74.14254,40.96676],[-74.25022,40.99167],[-74.27176,41.02088],[-74.21074,41.13342]]]}},{"type":"Feature","id":"36119","properties":{"key":"westchester","st":"NY","name":"Westchester","fips":"36119"},"geometry":{"type":"Polygon","coordinates":[[[-73.98103,41.32155],[-73.54313,41.36622],[-73.55031,41.29578],[-73.48211,41.21245],[-73.72619,41.10077],[-73.6544,41.01315],[-73.65799,40.9848],[-73.68311,40.94872],[-73.75849,40.91264],[-73.76567,40.87656],[-73.91642,40.91779],[-73.89488,40.99683],[-73.8877,41.12912],[-73.93078,41.20472],[-73.97026,41.24767],[-73.94513,41.29063],[-73.98103,41.32155]]]}},{"type":"Feature","id":"36063","properties":{"key":"niagara","st":"NY","name":"Niagara","fips":"36063"},"geometry":{"type":"Polygon","coordinates":[[[-78.46405,43.37127],[-78.46405,43.12901],[-78.46405,43.08864],[-78.51072,43.09809],[-78.60404,43.07232],[-78.72607,43.08606],[-78.80145,43.06544],[-78.84093,43.01905],[-78.89118,43.02163],[-78.89477,43.04397],[-78.94502,43.06716],[-79.02039,43.0663],[-79.07423,43.07747],[-79.04193,43.14362],[-79.05988,43.251],[-79.07064,43.26217],[-78.97014,43.28107],[-78.83375,43.31715],[-78.63275,43.35752],[-78.48918,43.3747],[-78.46405,43.37127]]]}},{"type":"Feature","id":"42089","properties":{"key":"monroe","st":"PA","name":"Monroe","fips":"42089"},"geometry":{"type":"Polygon","coordinates":[[[-75.65005,41.12225],[-75.5998,41.16177],[-75.54237,41.22362],[-75.50648,41.23221],[-75.35931,41.23908],[-75.1296,41.25197],[-75.15473,41.1506],[-75.07576,41.14115],[-75.0291,41.08016],[-74.99321,41.09218],[-74.96808,41.09476],[-75.02551,41.03978],[-75.13319,40.9891],[-75.11883,40.96848],[-75.21933,40.9281],[-75.28394,40.86625],[-75.37726,40.83275],[-75.47417,40.81471],[-75.57467,40.9513],[-75.49571,40.98738],[-75.57826,41.06727],[-75.65005,41.12225]]]}},{"type":"Feature","id":"34023","properties":{"key":"middlesex","st":"NJ","name":"Middlesex","fips":"34023"},"geometry":{"type":"Polygon","coordinates":[[[-74.61992,40.37401],[-74.58403,40.41782],[-74.53019,40.44102],[-74.4584,40.496],[-74.5266,40.55957],[-74.51224,40.5819],[-74.46199,40.59908],[-74.30406,40.60853],[-74.28971,40.59221],[-74.21433,40.60424],[-74.20356,40.59307],[-74.21792,40.55871],[-74.25022,40.54496],[-74.26099,40.50201],[-74.26099,40.46507],[-74.2251,40.45304],[-74.24663,40.40751],[-74.35431,40.32504],[-74.39379,40.27951],[-74.48353,40.25374],[-74.48353,40.2735],[-74.62351,40.32504],[-74.61992,40.37401]]]}},{"type":"Feature","id":"51063","properties":{"key":"floyd","st":"VA","name":"Floyd","fips":"51063"},"geometry":{"type":"Polygon","coordinates":[[[-80.54226,36.98502],[-80.51713,37.01079],[-80.47047,36.99361],[-80.43458,37.0168],[-80.41304,37.00306],[-80.34843,37.02196],[-80.28383,37.07866],[-80.17974,37.11302],[-80.12949,37.12333],[-80.10795,37.0778],[-80.12231,36.99103],[-80.14384,36.9498],[-80.17256,36.95237],[-80.19768,36.90169],[-80.23717,36.87248],[-80.291,36.85788],[-80.34484,36.81321],[-80.38792,36.79774],[-80.39509,36.74448],[-80.44534,36.74792],[-80.46329,36.7084],[-80.63558,36.93176],[-80.59609,36.94293],[-80.54226,36.98502]]]}},{"type":"Feature","id":"25009","properties":{"key":"essex","st":"MA","name":"Essex","fips":"25009"},"geometry":{"type":"Polygon","coordinates":[[[-71.25675,42.73642],[-71.24598,42.74244],[-71.18138,42.73728],[-71.18497,42.79054],[-71.13113,42.82147],[-71.06293,42.80601],[-71.03063,42.85927],[-70.90141,42.88676],[-70.84757,42.86099],[-70.81886,42.87216],[-70.81168,42.8103],[-70.77938,42.69347],[-70.68964,42.65309],[-70.64657,42.68918],[-70.59632,42.65997],[-70.65375,42.58265],[-70.7363,42.57664],[-70.8727,42.54657],[-70.82963,42.50362],[-70.89423,42.46067],[-70.91936,42.4684],[-70.9373,42.41771],[-70.96243,42.44348],[-71.02704,42.44434],[-71.05216,42.47613],[-71.0378,42.52424],[-71.0737,42.53111],[-71.05575,42.57406],[-71.02704,42.57406],[-71.05934,42.60928],[-71.13472,42.59897],[-71.25675,42.65653],[-71.23881,42.66942],[-71.25675,42.73642]]]}},{"type":"Feature","id":"42119","properties":{"key":"union","st":"PA","name":"Union","fips":"42119"},"geometry":{"type":"Polygon","coordinates":[[[-77.36573,40.84735],[-77.27959,40.91006],[-77.20421,40.99253],[-77.14319,41.04408],[-77.14319,41.06899],[-77.05705,41.08531],[-76.97809,41.08789],[-76.96014,41.14888],[-76.89553,41.13943],[-76.88835,41.10163],[-76.85964,41.07243],[-76.88118,40.96848],[-76.85246,40.91264],[-76.79862,40.88171],[-76.79862,40.87828],[-76.82734,40.88773],[-76.94219,40.88773],[-77.02475,40.85766],[-77.05346,40.86969],[-77.32266,40.81728],[-77.35496,40.80698],[-77.36573,40.84735]]]}},{"type":"Feature","id":"51770","properties":{"key":"roanoke","st":"VA","name":"Roanoke","fips":"51770,51161"},"geometry":{"type":"MultiPolygon","coordinates":[[[[-80.03258,37.2625],[-80.02181,37.30803],[-79.97515,37.33552],[-79.91772,37.32864],[-79.88541,37.30974],[-79.89977,37.25734],[-79.95361,37.21181],[-79.99668,37.25219],[-80.03258,37.2625]]],[[[-80.26229,37.34153],[-80.20127,37.37847],[-80.14743,37.38276],[-80.07565,37.42228],[-80.06129,37.40854],[-79.86747,37.32864],[-79.84593,37.30974],[-79.8567,37.26679],[-79.84593,37.22556],[-79.96438,37.13707],[-80.00745,37.17229],[-80.08642,37.16113],[-80.12949,37.12333],[-80.17974,37.11302],[-80.1905,37.23329],[-80.2587,37.30888],[-80.26229,37.34153]],[[-80.03258,37.2625],[-79.99668,37.25219],[-79.95361,37.21181],[-79.89977,37.25734],[-79.88541,37.30974],[-79.91772,37.32864],[-79.97515,37.33552],[-80.02181,37.30803],[-80.03258,37.32435],[-80.11872,37.28741],[-80.07565,37.25734],[-80.03258,37.2625]]]]}},{"type":"Feature","id":"51005","properties":{"key":"alleghany","st":"VA","name":"Alleghany","fips":"51005"},"geometry":{"type":"Polygon","coordinates":[[[-80.0577,37.95232],[-80.00386,37.96005],[-79.93566,37.95404],[-79.889,37.89305],[-79.80645,37.88102],[-79.74902,37.88531],[-79.69159,37.84408],[-79.64852,37.87415],[-79.60545,37.86212],[-79.67365,37.76333],[-79.81722,37.80113],[-79.91772,37.70147],[-80.02181,37.64735],[-80.03258,37.66024],[-80.14384,37.59667],[-80.21922,37.6276],[-80.28024,37.6568],[-80.29459,37.69203],[-80.25152,37.72553],[-80.2587,37.75645],[-80.18333,37.85267],[-80.0577,37.95232]],[[-80.00745,37.76075],[-79.99309,37.74786],[-79.96797,37.8037],[-79.98591,37.81401],[-80.00745,37.76075]]]}},{"type":"Feature","id":"51071","properties":{"key":"giles","st":"VA","name":"Giles","fips":"51071"},"geometry":{"type":"Polygon","coordinates":[[[-80.98015,37.29256],[-80.91913,37.30631],[-80.85093,37.34668],[-80.88324,37.38362],[-80.85811,37.42915],[-80.85811,37.42829],[-80.78274,37.39479],[-80.76838,37.37245],[-80.62122,37.43345],[-80.55302,37.47382],[-80.50995,37.48156],[-80.49559,37.43517],[-80.47406,37.424],[-80.43099,37.31662],[-80.47765,37.28483],[-80.60686,37.24446],[-80.80068,37.18003],[-80.85452,37.14738],[-81.01245,37.27538],[-80.98015,37.29256]]]}},{"type":"Feature","id":"09015","properties":{"key":"windham","st":"CT","name":"Windham","fips":"09015"},"geometry":{"type":"Polygon","coordinates":[[[-72.10383,42.02856],[-71.80232,42.0234],[-71.79874,42.00794],[-71.79874,41.91602],[-71.78797,41.72531],[-71.78797,41.64026],[-71.85616,41.64456],[-71.94949,41.63425],[-72.15049,41.66775],[-72.15766,41.65744],[-72.24022,41.71414],[-72.15766,41.75366],[-72.16484,41.83527],[-72.21868,41.83527],[-72.21868,41.95812],[-72.10024,41.95897],[-72.10383,42.02856]]]}},{"type":"Feature","id":"09011","properties":{"key":"new london","st":"CT","name":"New London","fips":"09011"},"geometry":{"type":"Polygon","coordinates":[[[-72.46634,41.58357],[-72.40892,41.60246],[-72.32636,41.60504],[-72.33354,41.6437],[-72.26534,41.6772],[-72.24022,41.71414],[-72.15766,41.65744],[-72.15049,41.66775],[-71.94949,41.63425],[-71.85616,41.64456],[-71.78797,41.64026],[-71.78797,41.59645],[-71.79874,41.41691],[-71.84181,41.41004],[-71.83104,41.34475],[-71.85975,41.31983],[-71.88488,41.33616],[-71.9459,41.33787],[-72.02127,41.31726],[-72.08588,41.31983],[-72.13254,41.29922],[-72.18997,41.32327],[-72.2115,41.29149],[-72.34072,41.28032],[-72.3479,41.32413],[-72.3802,41.3499],[-72.38379,41.38512],[-72.42327,41.39028],[-72.43404,41.42378],[-72.30483,41.43667],[-72.32277,41.5346],[-72.43404,41.53202],[-72.46634,41.58357]]]}},{"type":"Feature","id":"36065","properties":{"key":"oneida","st":"NY","name":"Oneida","fips":"36065"},"geometry":{"type":"Polygon","coordinates":[[[-75.75773,43.47006],[-75.53519,43.41938],[-75.11165,43.61524],[-75.07576,43.33089],[-75.14755,43.30512],[-75.1619,43.25873],[-75.06858,43.22695],[-75.21933,43.05256],[-75.20139,42.88075],[-75.21215,42.87989],[-75.24805,42.8713],[-75.43828,42.86356],[-75.45623,42.93315],[-75.54237,42.93143],[-75.55314,43.03795],[-75.59621,43.03538],[-75.5998,43.06115],[-75.63928,43.08005],[-75.65364,43.11441],[-75.70748,43.1376],[-75.72542,43.16252],[-75.88335,43.15564],[-75.86182,43.31887],[-75.88694,43.32488],[-75.81516,43.48381],[-75.75773,43.47006]]]}},{"type":"Feature","id":"36031","properties":{"key":"essex","st":"NY","name":"Essex","fips":"36031"},"geometry":{"type":"Polygon","coordinates":[[[-74.28253,44.12037],[-74.09229,44.13755],[-74.14254,44.40729],[-73.90924,44.42963],[-73.70106,44.44595],[-73.66876,44.44166],[-73.57185,44.46571],[-73.5539,44.48289],[-73.49647,44.48633],[-73.46417,44.53787],[-73.33854,44.54646],[-73.30624,44.50007],[-73.29188,44.4408],[-73.33495,44.37207],[-73.31342,44.26383],[-73.39238,44.18909],[-73.41033,44.11264],[-73.43904,44.04477],[-73.40674,44.02158],[-73.41033,43.93309],[-73.37444,43.87554],[-73.37802,43.80853],[-73.43904,43.80338],[-74.0564,43.7441],[-74.04563,43.7965],[-74.10306,43.80509],[-74.14972,43.83001],[-74.21433,43.81111],[-74.33637,43.92536],[-74.2574,43.97003],[-74.28253,44.12037]]]}},{"type":"Feature","id":"51017","properties":{"key":"bath","st":"VA","name":"Bath","fips":"51017"},"geometry":{"type":"Polygon","coordinates":[[[-79.96079,38.064],[-79.9249,38.10695],[-79.94643,38.13186],[-79.92131,38.17997],[-79.83158,38.24955],[-79.79568,38.26674],[-79.70595,38.22121],[-79.56238,38.19887],[-79.51213,38.18083],[-79.52649,38.15162],[-79.47982,38.17052],[-79.43675,38.16279],[-79.49418,38.09578],[-79.48341,38.08633],[-79.53366,38.003],[-79.60904,37.93514],[-79.64852,37.87415],[-79.69159,37.84408],[-79.74902,37.88531],[-79.80645,37.88102],[-79.889,37.89305],[-79.93566,37.95404],[-80.00386,37.96005],[-80.0577,37.95232],[-80.01104,37.98582],[-79.96079,38.064]]]}},{"type":"Feature","id":"42039","properties":{"key":"crawford","st":"PA","name":"Crawford","fips":"42039"},"geometry":{"type":"Polygon","coordinates":[[[-80.52072,41.84987],[-80.20486,41.84901],[-79.68082,41.85159],[-79.61263,41.84987],[-79.61263,41.62394],[-79.61263,41.61707],[-79.82799,41.62222],[-79.82799,41.60246],[-79.89259,41.57412],[-79.9572,41.51312],[-80.00027,41.48993],[-80.1259,41.48048],[-80.52072,41.48907],[-80.52072,41.50024],[-80.52072,41.84987]]]}},{"type":"Feature","id":"42127","properties":{"key":"wayne","st":"PA","name":"Wayne","fips":"42127"},"geometry":{"type":"Polygon","coordinates":[[[-75.4634,41.64198],[-75.48494,41.99935],[-75.40239,41.99935],[-75.35931,41.99935],[-75.30906,41.94867],[-75.29112,41.9521],[-75.2624,41.8662],[-75.20856,41.86963],[-75.14755,41.85073],[-75.07576,41.79833],[-75.10448,41.77084],[-75.05422,41.7528],[-75.04346,41.62394],[-75.06858,41.60161],[-75.16908,41.47532],[-75.18703,41.44268],[-75.25164,41.41261],[-75.26599,41.37224],[-75.35214,41.36794],[-75.31265,41.33186],[-75.34137,41.25455],[-75.35931,41.23908],[-75.50648,41.23221],[-75.44187,41.25884],[-75.4634,41.64198]]]}},{"type":"Feature","id":"36077","properties":{"key":"otsego","st":"NY","name":"Otsego","fips":"36077"},"geometry":{"type":"Polygon","coordinates":[[[-75.29471,42.74416],[-75.25164,42.78453],[-75.24805,42.8713],[-75.21215,42.87989],[-75.21215,42.85669],[-75.14037,42.86013],[-75.10089,42.90824],[-74.90706,42.82491],[-74.87835,42.89793],[-74.76349,42.86356],[-74.64863,42.8292],[-74.66658,42.75103],[-74.63069,42.62646],[-74.71324,42.51822],[-74.77426,42.50534],[-74.84246,42.51221],[-74.96808,42.4684],[-75.01833,42.42888],[-75.09371,42.42029],[-75.1978,42.35844],[-75.2624,42.36703],[-75.30906,42.3215],[-75.41674,42.31377],[-75.39521,42.35328],[-75.40598,42.38077],[-75.37367,42.41599],[-75.40598,42.47871],[-75.36649,42.5543],[-75.32701,42.5775],[-75.3306,42.67457],[-75.29471,42.74416]]]}},{"type":"Feature","id":"36041","properties":{"key":"hamilton","st":"NY","name":"Hamilton","fips":"36041"},"geometry":{"type":"Polygon","coordinates":[[[-74.85322,44.06968],[-74.53378,44.09889],[-74.28253,44.12037],[-74.2574,43.97003],[-74.33637,43.92536],[-74.21433,43.81111],[-74.14972,43.83001],[-74.10306,43.80509],[-74.04563,43.7965],[-74.0564,43.7441],[-74.21433,43.72864],[-74.16049,43.37127],[-74.13895,43.25358],[-74.2251,43.24842],[-74.22151,43.22179],[-74.32201,43.21492],[-74.3256,43.24155],[-74.53378,43.22781],[-74.71324,43.28622],[-74.86758,43.33948],[-74.77426,43.48638],[-74.85322,44.06968]]]}},{"type":"Feature","id":"42115","properties":{"key":"susquehanna","st":"PA","name":"Susquehanna","fips":"42115"},"geometry":{"type":"Polygon","coordinates":[[[-76.10589,41.99849],[-75.74337,41.99763],[-75.48494,41.99935],[-75.4634,41.64198],[-75.71824,41.64198],[-76.08794,41.64456],[-76.11666,41.65143],[-76.12025,41.7382],[-76.14537,41.99849],[-76.10589,41.99849]]]}},{"type":"Feature","id":"36057","properties":{"key":"montgomery","st":"NY","name":"Montgomery","fips":"36057"},"geometry":{"type":"Polygon","coordinates":[[[-74.76349,42.86356],[-74.74196,42.99672],[-74.7599,43.0474],[-74.54096,42.98555],[-74.09588,42.98297],[-74.09229,42.95548],[-74.08512,42.89707],[-74.2574,42.81202],[-74.26458,42.79656],[-74.28971,42.78367],[-74.45481,42.77336],[-74.56249,42.81288],[-74.64863,42.8292],[-74.76349,42.86356]]]}},{"type":"Feature","id":"36033","properties":{"key":"franklin","st":"NY","name":"Franklin","fips":"36033"},"geometry":{"type":"Polygon","coordinates":[[[-74.02769,44.99575],[-73.98462,44.70797],[-73.96667,44.70882],[-73.94513,44.57481],[-73.93437,44.57653],[-73.90924,44.42963],[-74.14254,44.40729],[-74.09229,44.13755],[-74.28253,44.12037],[-74.53378,44.09889],[-74.54455,44.16934],[-74.5266,44.17105],[-74.62351,44.81535],[-74.64146,44.9528],[-74.72042,44.9528],[-74.7276,44.99489],[-74.66299,44.99919],[-74.33637,44.99231],[-74.14613,44.99146],[-74.02769,44.99575]]]}},{"type":"Feature","id":"51143","properties":{"key":"pittsylvania","st":"VA","name":"Pittsylvania","fips":"51143"},"geometry":{"type":"Polygon","coordinates":[[[-79.64134,36.85616],[-79.59468,37.04258],[-79.54084,37.04601],[-79.47982,37.00564],[-79.46188,37.02196],[-79.49059,37.05804],[-79.44393,37.05546],[-79.40445,37.06405],[-79.40445,37.09154],[-79.33266,37.1259],[-79.29677,37.10443],[-79.26088,37.13106],[-79.18191,37.06921],[-79.12807,37.08982],[-79.09218,37.06148],[-79.21781,36.54174],[-79.34343,36.54089],[-79.33625,36.57181],[-79.30395,36.57009],[-79.33266,36.60188],[-79.36497,36.60789],[-79.39727,36.64397],[-79.4224,36.60102],[-79.50136,36.6182],[-79.51931,36.6036],[-79.45829,36.57697],[-79.46906,36.54089],[-79.51213,36.54089],[-79.71313,36.54174],[-79.64134,36.85616]]]}},{"type":"Feature","id":"42105","properties":{"key":"potter","st":"PA","name":"Potter","fips":"42105"},"geometry":{"type":"Polygon","coordinates":[[[-78.20563,41.99935],[-77.74978,41.99849],[-77.6098,41.99935],[-77.59903,41.54233],[-77.59903,41.47876],[-77.99027,41.47446],[-78.05129,41.47532],[-78.20204,41.61793],[-78.20563,41.99935]]]}},{"type":"Feature","id":"51131","properties":{"key":"northampton","st":"VA","name":"Northampton","fips":"51131"},"geometry":{"type":"Polygon","coordinates":[[[-75.93719,37.54942],[-75.83669,37.55458],[-75.78644,37.5288],[-75.81157,37.47382],[-75.71466,37.44977],[-75.67517,37.46352],[-75.65723,37.45149],[-75.72183,37.37331],[-75.76491,37.30545],[-75.79721,37.296],[-75.79362,37.24703],[-75.8331,37.17315],[-75.89771,37.11817],[-75.95514,37.11989],[-75.94078,37.08982],[-75.97308,37.08553],[-75.97667,37.15769],[-76.01257,37.20494],[-76.02692,37.25734],[-76.01974,37.31748],[-75.98744,37.36816],[-75.97667,37.44462],[-75.93719,37.54942]]]}},{"type":"Feature","id":"36049","properties":{"key":"lewis","st":"NY","name":"Lewis","fips":"36049"},"geometry":{"type":"Polygon","coordinates":[[[-75.44546,44.21744],[-75.16908,44.09717],[-75.11165,43.61524],[-75.53519,43.41938],[-75.75773,43.47006],[-75.77567,43.68912],[-75.78644,43.78791],[-75.85105,43.79221],[-75.84028,43.88413],[-75.75773,43.87897],[-75.60339,43.97175],[-75.54237,43.96746],[-75.54955,44.00783],[-75.50289,44.00955],[-75.48494,44.07398],[-75.54596,44.10319],[-75.44546,44.21744]]]}},{"type":"Feature","id":"36007","properties":{"key":"broome","st":"NY","name":"Broome","fips":"36007"},"geometry":{"type":"Polygon","coordinates":[[[-76.13101,42.40998],[-76.01974,42.40912],[-75.86541,42.41599],[-75.84387,42.25965],[-75.81874,42.24934],[-75.63928,42.24848],[-75.63569,42.19522],[-75.41674,42.19522],[-75.42033,42.0423],[-75.40239,41.99935],[-75.48494,41.99935],[-75.74337,41.99763],[-76.10589,41.99849],[-76.11666,42.18577],[-76.08794,42.18663],[-76.08076,42.23044],[-76.13101,42.40998]]]}},{"type":"Feature","id":"36093","properties":{"key":"schenectady","st":"NY","name":"Schenectady","fips":"36093"},"geometry":{"type":"Polygon","coordinates":[[[-74.26458,42.79656],[-74.2574,42.81202],[-74.08512,42.89707],[-74.09229,42.95548],[-74.00615,42.93315],[-73.9559,42.89707],[-73.90565,42.91081],[-73.89488,42.85068],[-73.80874,42.77852],[-73.81233,42.77508],[-74.18203,42.72955],[-74.18562,42.71237],[-74.27176,42.71409],[-74.30406,42.74759],[-74.2574,42.75704],[-74.26458,42.79656]]]}},{"type":"Feature","id":"51047","properties":{"key":"culpeper","st":"VA","name":"Culpeper","fips":"51047"},"geometry":{"type":"Polygon","coordinates":[[[-77.93643,38.69627],[-77.90771,38.69712],[-77.87182,38.64816],[-77.85746,38.55796],[-77.81439,38.53047],[-77.73543,38.41278],[-77.69236,38.42652],[-77.63493,38.4102],[-77.61698,38.36811],[-77.6457,38.37841],[-77.70312,38.36123],[-77.77132,38.39302],[-77.78209,38.36467],[-77.82875,38.38185],[-77.90771,38.38185],[-77.9113,38.37068],[-78.02975,38.32859],[-78.03693,38.31227],[-78.09436,38.31141],[-78.08359,38.32773],[-78.11948,38.36896],[-78.09795,38.38615],[-78.11948,38.43425],[-78.23075,38.53219],[-78.17691,38.52102],[-78.09077,38.59747],[-77.93643,38.69627]]]}},{"type":"Feature","id":"42093","properties":{"key":"montour","st":"PA","name":"Montour","fips":"42093"},"geometry":{"type":"Polygon","coordinates":[[[-76.73401,41.17208],[-76.64069,41.15575],[-76.61916,41.06383],[-76.56891,41.05353],[-76.56532,40.9994],[-76.51507,40.95903],[-76.52942,40.88257],[-76.56891,40.91522],[-76.55814,40.93841],[-76.60121,40.94185],[-76.66223,40.96762],[-76.79144,40.947],[-76.77709,41.008],[-76.73401,41.09218],[-76.73401,41.17208]]]}},{"type":"Feature","id":"36101","properties":{"key":"steuben","st":"NY","name":"Steuben","fips":"36101"},"geometry":{"type":"Polygon","coordinates":[[[-77.72466,42.47097],[-77.72107,42.5354],[-77.66005,42.5354],[-77.66005,42.58007],[-77.49136,42.5775],[-77.36573,42.57664],[-77.14319,42.57664],[-77.15037,42.50018],[-77.1073,42.5062],[-77.1073,42.48386],[-77.10012,42.27253],[-76.96373,42.27854],[-76.96732,42.00107],[-77.12525,41.99935],[-77.6098,41.99935],[-77.74978,41.99849],[-77.74261,42.19264],[-77.72466,42.40397],[-77.72466,42.47097]]]}},{"type":"Feature","id":"51095","properties":{"key":"james city","st":"VA","name":"James City","fips":"51095"},"geometry":{"type":"Polygon","coordinates":[[[-76.90271,37.37761],[-76.89194,37.43259],[-76.82375,37.45063],[-76.76991,37.43517],[-76.74119,37.46695],[-76.71248,37.43173],[-76.65864,37.38019],[-76.673,37.3673],[-76.74119,37.36988],[-76.75555,37.35441],[-76.72684,37.30631],[-76.72684,37.25047],[-76.66223,37.25133],[-76.60121,37.23844],[-76.59044,37.21353],[-76.57967,37.1826],[-76.61198,37.16714],[-76.65146,37.22126],[-76.73043,37.21353],[-76.75914,37.19205],[-76.79503,37.23157],[-76.85964,37.24102],[-76.874,37.26078],[-76.874,37.36558],[-76.90989,37.3484],[-76.90271,37.37761]]]}},{"type":"Feature","id":"51061","properties":{"key":"fauquier","st":"VA","name":"Fauquier","fips":"51061"},"geometry":{"type":"Polygon","coordinates":[[[-78.00462,38.97976],[-77.96155,39.01412],[-77.65646,38.94282],[-77.69236,38.88698],[-77.7103,38.82341],[-77.53084,38.55624],[-77.63493,38.4669],[-77.63493,38.4102],[-77.69236,38.42652],[-77.73543,38.41278],[-77.81439,38.53047],[-77.85746,38.55796],[-77.87182,38.64816],[-77.90771,38.69712],[-77.93643,38.69627],[-78.01539,38.72719],[-78.02616,38.79592],[-78.05129,38.79935],[-78.13025,38.86464],[-78.06205,38.89213],[-78.07641,38.91275],[-78.00462,38.97976]]]}},{"type":"Feature","id":"51137","properties":{"key":"orange","st":"VA","name":"Orange","fips":"51137"},"geometry":{"type":"Polygon","coordinates":[[[-78.36714,38.18427],[-78.28818,38.27275],[-78.25229,38.23409],[-78.17691,38.25471],[-78.18409,38.2676],[-78.12666,38.2822],[-78.09436,38.31141],[-78.03693,38.31227],[-78.02975,38.32859],[-77.9113,38.37068],[-77.90771,38.38185],[-77.82875,38.38185],[-77.78209,38.36467],[-77.77132,38.39302],[-77.70312,38.36123],[-77.71389,38.33546],[-77.95437,38.11812],[-78.00104,38.13788],[-78.0477,38.13616],[-78.10154,38.15248],[-78.16973,38.12929],[-78.20921,38.131],[-78.36714,38.18427]]]}},{"type":"Feature","id":"36017","properties":{"key":"chenango","st":"NY","name":"Chenango","fips":"36017"},"geometry":{"type":"Polygon","coordinates":[[[-75.89053,42.72354],[-75.42751,42.74501],[-75.42751,42.73814],[-75.29471,42.74416],[-75.3306,42.67457],[-75.32701,42.5775],[-75.36649,42.5543],[-75.40598,42.47871],[-75.37367,42.41599],[-75.40598,42.38077],[-75.39521,42.35328],[-75.41674,42.31377],[-75.41674,42.19522],[-75.63569,42.19522],[-75.63928,42.24848],[-75.81874,42.24934],[-75.84387,42.25965],[-75.86541,42.41599],[-75.87258,42.54314],[-75.89053,42.72354]]]}},{"type":"Feature","id":"51680","properties":{"key":"lynchburg","st":"VA","name":"Lynchburg","fips":"51680"},"geometry":{"type":"Polygon","coordinates":[[[-79.1855,37.46609],[-79.1209,37.39823],[-79.085,37.39479],[-79.17832,37.34239],[-79.21422,37.33294],[-79.25729,37.35613],[-79.23216,37.39307],[-79.26806,37.43087],[-79.21063,37.46867],[-79.1855,37.46609]]]}},{"type":"Feature","id":"51031","properties":{"key":"campbell","st":"VA","name":"Campbell","fips":"51031"},"geometry":{"type":"Polygon","coordinates":[[[-79.44393,37.05546],[-79.25729,37.35613],[-79.21422,37.33294],[-79.17832,37.34239],[-79.085,37.39479],[-79.07064,37.42142],[-79.02039,37.42915],[-78.92707,37.2771],[-78.91989,37.24531],[-78.86247,37.24016],[-78.85529,37.21181],[-78.82298,37.20494],[-78.90554,37.02196],[-78.97014,37.05031],[-79.00245,37.03055],[-79.09218,37.06148],[-79.12807,37.08982],[-79.18191,37.06921],[-79.26088,37.13106],[-79.29677,37.10443],[-79.33266,37.1259],[-79.40445,37.09154],[-79.40445,37.06405],[-79.44393,37.05546]]]}},{"type":"Feature","id":"36105","properties":{"key":"sullivan","st":"NY","name":"Sullivan","fips":"36105"},"geometry":{"type":"Polygon","coordinates":[[[-75.14755,41.85073],[-74.78144,42.01653],[-74.45481,41.87565],[-74.57685,41.74507],[-74.39379,41.6437],[-74.36867,41.5913],[-74.40815,41.57497],[-74.47635,41.50367],[-74.75272,41.49336],[-74.75631,41.42464],[-74.80656,41.44268],[-74.8963,41.4401],[-74.88912,41.45557],[-74.94296,41.48391],[-74.98244,41.47962],[-74.98603,41.50883],[-75.06858,41.60161],[-75.04346,41.62394],[-75.05422,41.7528],[-75.10448,41.77084],[-75.07576,41.79833],[-75.14755,41.85073]]]}},{"type":"Feature","id":"42041","properties":{"key":"cumberland","st":"PA","name":"Cumberland","fips":"42041"},"geometry":{"type":"Polygon","coordinates":[[[-77.61339,40.19876],[-77.60621,40.18502],[-77.39444,40.30357],[-77.35855,40.307],[-77.41957,40.25546],[-77.32266,40.2924],[-77.31907,40.26749],[-77.2401,40.28381],[-76.9745,40.31044],[-76.91348,40.32848],[-76.92425,40.28982],[-76.85964,40.22625],[-76.89553,40.22453],[-76.92784,40.19704],[-76.9063,40.16612],[-76.97809,40.1644],[-77.02834,40.14808],[-77.13602,40.0699],[-77.18627,40.02953],[-77.40521,39.99431],[-77.46982,39.94448],[-77.45546,39.97283],[-77.53084,40.04843],[-77.56314,40.11887],[-77.6098,40.15237],[-77.61339,40.19876]]]}},{"type":"Feature","id":"36079","properties":{"key":"putnam","st":"NY","name":"Putnam","fips":"36079"},"geometry":{"type":"Polygon","coordinates":[[[-73.98103,41.32499],[-73.94872,41.39457],[-73.98103,41.43924],[-73.93437,41.48821],[-73.52877,41.52687],[-73.54313,41.36622],[-73.98103,41.32155],[-73.98103,41.32499]]]}},{"type":"Feature","id":"36087","properties":{"key":"rockland","st":"NY","name":"Rockland","fips":"36087"},"geometry":{"type":"Polygon","coordinates":[[[-74.23587,41.14287],[-73.98103,41.32499],[-73.98103,41.32155],[-73.94513,41.29063],[-73.97026,41.24767],[-73.93078,41.20472],[-73.8877,41.12912],[-73.89488,40.99683],[-73.90565,40.99769],[-74.21074,41.13342],[-74.23587,41.14287]]]}},{"type":"Feature","id":"09001","properties":{"key":"fairfield","st":"CT","name":"Fairfield","fips":"09001"},"geometry":{"type":"Polygon","coordinates":[[[-73.54313,41.36622],[-73.52877,41.52687],[-73.51801,41.66689],[-73.49647,41.63855],[-73.44622,41.52257],[-73.44263,41.49165],[-73.3852,41.51484],[-73.37444,41.48907],[-73.30983,41.46845],[-73.18779,41.40832],[-73.11601,41.33186],[-73.06935,41.30093],[-73.10883,41.22963],[-73.12318,41.17895],[-73.10883,41.16864],[-73.13036,41.14716],[-73.17702,41.16692],[-73.26317,41.1171],[-73.28829,41.12826],[-73.37085,41.10421],[-73.3529,41.08531],[-73.38879,41.05782],[-73.49288,41.04837],[-73.57185,41.00198],[-73.60415,41.01487],[-73.65799,40.9848],[-73.6544,41.01315],[-73.72619,41.10077],[-73.48211,41.21245],[-73.55031,41.29578],[-73.54313,41.36622]]]}},{"type":"Feature","id":"34001","properties":{"key":"atlantic","st":"NJ","name":"Atlantic","fips":"34001"},"geometry":{"type":"Polygon","coordinates":[[[-74.87835,39.60859],[-74.73478,39.72971],[-74.6594,39.66872],[-74.6594,39.63092],[-74.61992,39.62663],[-74.53019,39.56993],[-74.47635,39.55189],[-74.41892,39.55704],[-74.37944,39.49863],[-74.31124,39.49949],[-74.30047,39.47887],[-74.33637,39.43162],[-74.4584,39.34486],[-74.54096,39.30018],[-74.58762,39.31049],[-74.61633,39.29331],[-74.69888,39.28902],[-74.8604,39.32424],[-74.85681,39.42389],[-74.98603,39.51495],[-74.87835,39.60859]]]}},{"type":"Feature","id":"51710","properties":{"key":"norfolk","st":"VA","name":"Norfolk","fips":"51710"},"geometry":{"type":"Polygon","coordinates":[[[-76.33201,36.8888],[-76.31766,36.88537],[-76.32842,36.95925],[-76.26741,36.9644],[-76.18485,36.9309],[-76.19562,36.82781],[-76.22433,36.83984],[-76.28894,36.8218],[-76.33201,36.8888]]]}},{"type":"Feature","id":"25027","properties":{"key":"worcester","st":"MA","name":"Worcester","fips":"25027"},"geometry":{"type":"Polygon","coordinates":[[[-72.28329,42.72182],[-71.92795,42.71237],[-71.89924,42.71151],[-71.85616,42.67457],[-71.85975,42.6342],[-71.7772,42.6445],[-71.66593,42.61186],[-71.68029,42.53025],[-71.63722,42.52424],[-71.61927,42.55258],[-71.54031,42.54314],[-71.52954,42.51994],[-71.56184,42.47441],[-71.5439,42.46668],[-71.55825,42.4117],[-71.62645,42.35071],[-71.58338,42.31119],[-71.48647,42.33009],[-71.508,42.26394],[-71.55825,42.26824],[-71.60132,42.21841],[-71.55466,42.18233],[-71.50441,42.19178],[-71.47929,42.15656],[-71.49365,42.09986],[-71.49723,42.01739],[-71.79874,42.00794],[-71.80232,42.0234],[-72.10383,42.02856],[-72.13613,42.03028],[-72.13613,42.16171],[-72.20074,42.16171],[-72.26534,42.18405],[-72.22227,42.24504],[-72.2115,42.31119],[-72.27611,42.30174],[-72.29047,42.35242],[-72.31559,42.34383],[-72.30483,42.42029],[-72.28329,42.44091],[-72.29047,42.47956],[-72.24381,42.51307],[-72.26893,42.53369],[-72.26534,42.60069],[-72.22945,42.61616],[-72.22945,42.66254],[-72.27252,42.67457],[-72.28329,42.72182]]]}},{"type":"Feature","id":"51735","properties":{"key":"poquoson","st":"VA","name":"Poquoson","fips":"51735"},"geometry":{"type":"Polygon","coordinates":[[[-76.39662,37.16456],[-76.34996,37.17058],[-76.3356,37.14395],[-76.28894,37.11731],[-76.3033,37.10357],[-76.39662,37.10701],[-76.41457,37.15597],[-76.39662,37.16456]]]}},{"type":"Feature","id":"51740","properties":{"key":"portsmouth","st":"VA","name":"Portsmouth","fips":"51740"},"geometry":{"type":"Polygon","coordinates":[[[-76.40739,36.89739],[-76.38585,36.92317],[-76.35355,36.92317],[-76.33201,36.8888],[-76.28894,36.8218],[-76.29253,36.7986],[-76.37509,36.78572],[-76.4038,36.81407],[-76.38226,36.83726],[-76.42175,36.86647],[-76.40739,36.89739]]]}},{"type":"Feature","id":"51041","properties":{"key":"chesterfield","st":"VA","name":"Chesterfield","fips":"51041"},"geometry":{"type":"Polygon","coordinates":[[[-77.85387,37.41799],[-77.80721,37.42658],[-77.79645,37.45922],[-77.65646,37.56403],[-77.59545,37.55543],[-77.59545,37.53482],[-77.52725,37.53224],[-77.50571,37.46781],[-77.41957,37.44719],[-77.38727,37.38706],[-77.31189,37.37331],[-77.27959,37.35184],[-77.25087,37.3819],[-77.27241,37.32091],[-77.28318,37.31318],[-77.33343,37.31232],[-77.35137,37.31232],[-77.3765,37.24446],[-77.40521,37.23758],[-77.38368,37.24274],[-77.36932,37.29858],[-77.43034,37.27624],[-77.41598,37.23329],[-77.44828,37.22298],[-77.52007,37.21697],[-77.55955,37.22556],[-77.61339,37.27109],[-77.64928,37.26507],[-77.70312,37.296],[-77.76055,37.26937],[-77.80721,37.30459],[-77.79645,37.3338],[-77.83593,37.33809],[-77.879,37.36644],[-77.87541,37.41713],[-77.85387,37.41799]]]}},{"type":"Feature","id":"42027","properties":{"key":"centre","st":"PA","name":"Centre","fips":"42027"},"geometry":{"type":"Polygon","coordinates":[[[-78.03693,41.15404],[-78.00462,41.14459],[-77.97232,41.17294],[-77.97232,41.20386],[-77.94002,41.20902],[-77.89695,41.25283],[-77.89336,41.17809],[-77.80003,41.18153],[-77.74261,41.10765],[-77.62057,41.09132],[-77.56314,41.05782],[-77.58109,41.04665],[-77.5093,40.96332],[-77.34061,40.98738],[-77.14319,41.04408],[-77.20421,40.99253],[-77.27959,40.91006],[-77.36573,40.84735],[-77.43752,40.82416],[-77.68159,40.72966],[-77.76773,40.71935],[-77.82516,40.74341],[-77.94361,40.69186],[-78.11589,40.73911],[-78.13025,40.74341],[-78.35996,40.73224],[-78.37791,40.75457],[-78.3133,40.80869],[-78.28818,40.84993],[-78.2487,40.85508],[-78.21998,40.91264],[-78.15537,40.94185],[-78.07641,40.95903],[-78.08718,40.99339],[-78.05846,41.0037],[-78.08,41.03119],[-78.1123,41.11452],[-78.06923,41.12311],[-78.03693,41.15404]]]}},{"type":"Feature","id":"51800","properties":{"key":"suffolk","st":"VA","name":"Suffolk","fips":"51800"},"geometry":{"type":"Polygon","coordinates":[[[-76.89912,36.64397],[-76.74837,36.75221],[-76.52942,36.91629],[-76.48276,36.92918],[-76.48276,36.89654],[-76.40739,36.89739],[-76.42175,36.86647],[-76.45764,36.81664],[-76.48994,36.55033],[-76.54019,36.55033],[-76.91707,36.55205],[-76.89912,36.64397]]]}},{"type":"Feature","id":"51045","properties":{"key":"craig","st":"VA","name":"Craig","fips":"51045"},"geometry":{"type":"Polygon","coordinates":[[[-80.21922,37.6276],[-80.14384,37.59667],[-80.03258,37.66024],[-80.02181,37.64735],[-80.02899,37.62416],[-79.96797,37.54427],[-80.01104,37.51076],[-80.04693,37.4429],[-80.07565,37.42228],[-80.14743,37.38276],[-80.20127,37.37847],[-80.26229,37.34153],[-80.32331,37.36902],[-80.43099,37.31662],[-80.47406,37.424],[-80.29818,37.50819],[-80.28383,37.5331],[-80.33049,37.53654],[-80.3269,37.56403],[-80.26229,37.59323],[-80.21922,37.6276]]]}},{"type":"Feature","id":"51069","properties":{"key":"frederick","st":"VA","name":"Frederick","fips":"51069"},"geometry":{"type":"Polygon","coordinates":[[[-78.50713,39.08886],[-78.46046,39.11377],[-78.40304,39.16703],[-78.43893,39.19796],[-78.39945,39.24435],[-78.42098,39.25723],[-78.33843,39.34829],[-78.36355,39.35774],[-78.34202,39.38867],[-78.35996,39.41272],[-78.34561,39.46598],[-78.22716,39.39125],[-78.03334,39.26496],[-78.07641,39.20483],[-78.07282,39.1782],[-78.15179,39.03645],[-78.16255,39.01755],[-78.3133,39.0081],[-78.34561,39.05965],[-78.34561,39.09573],[-78.39227,39.10174],[-78.4497,39.05621],[-78.45329,39.02786],[-78.54302,39.05621],[-78.50713,39.08886]],[[-78.18768,39.17476],[-78.18409,39.13095],[-78.13743,39.18421],[-78.18768,39.20483],[-78.18768,39.17476]]]}},{"type":"Feature","id":"34005","properties":{"key":"burlington","st":"NJ","name":"Burlington","fips":"34005"},"geometry":{"type":"Polygon","coordinates":[[[-74.97526,40.04928],[-74.8604,40.08365],[-74.81733,40.12746],[-74.78144,40.12059],[-74.72401,40.15065],[-74.70965,40.18158],[-74.62351,40.14292],[-74.58762,40.13863],[-74.55172,40.07935],[-74.39021,39.77353],[-74.39021,39.5957],[-74.41892,39.55704],[-74.47635,39.55189],[-74.53019,39.56993],[-74.61992,39.62663],[-74.6594,39.63092],[-74.6594,39.66872],[-74.73478,39.72971],[-74.82092,39.78813],[-74.90347,39.79071],[-74.93219,39.88606],[-74.97526,39.93847],[-75.01474,39.94706],[-75.01115,39.9797],[-75.0614,39.99173],[-74.97526,40.04928]]]}},{"type":"Feature","id":"51550","properties":{"key":"chesapeake","st":"VA","name":"Chesapeake","fips":"51550"},"geometry":{"type":"Polygon","coordinates":[[[-76.42175,36.86647],[-76.38226,36.83726],[-76.4038,36.81407],[-76.37509,36.78572],[-76.29253,36.7986],[-76.28894,36.8218],[-76.22433,36.83984],[-76.2028,36.7694],[-76.14178,36.75737],[-76.08076,36.7127],[-76.07,36.67748],[-76.12025,36.66545],[-76.12383,36.55033],[-76.31407,36.55033],[-76.48994,36.55033],[-76.45764,36.81664],[-76.42175,36.86647]]]}},{"type":"Feature","id":"09013","properties":{"key":"tolland","st":"CT","name":"Tolland","fips":"09013"},"geometry":{"type":"Polygon","coordinates":[[[-72.50942,42.03457],[-72.13613,42.03028],[-72.10383,42.02856],[-72.10024,41.95897],[-72.21868,41.95812],[-72.21868,41.83527],[-72.16484,41.83527],[-72.15766,41.75366],[-72.24022,41.71414],[-72.26534,41.6772],[-72.33354,41.6437],[-72.32636,41.60504],[-72.40892,41.60246],[-72.40892,41.63081],[-72.4484,41.67205],[-72.47711,41.81293],[-72.50583,41.8095],[-72.49506,41.86104],[-72.51659,41.85675],[-72.513,41.94523],[-72.49147,41.94781],[-72.50942,42.03457]]]}},{"type":"Feature","id":"51053","properties":{"key":"dinwiddie","st":"VA","name":"Dinwiddie","fips":"51053"},"geometry":{"type":"Polygon","coordinates":[[[-77.79645,37.19291],[-77.7462,37.19291],[-77.64928,37.26507],[-77.61339,37.27109],[-77.55955,37.22556],[-77.52007,37.21697],[-77.44828,37.22298],[-77.45546,37.18776],[-77.39803,37.17058],[-77.39803,36.99275],[-77.62057,36.87764],[-77.65646,36.89482],[-77.71389,36.91372],[-77.76414,36.97471],[-77.83952,36.99619],[-77.88977,36.98846],[-77.90054,37.14395],[-77.79645,37.19291]]]}},{"type":"Feature","id":"36021","properties":{"key":"columbia","st":"NY","name":"Columbia","fips":"36021"},"geometry":{"type":"Polygon","coordinates":[[[-73.90924,42.12735],[-73.89129,42.16773],[-73.8554,42.19178],[-73.84822,42.23044],[-73.80156,42.25363],[-73.78361,42.28799],[-73.79438,42.37476],[-73.77644,42.42974],[-73.78361,42.4641],[-73.3529,42.50963],[-73.50724,42.08612],[-73.49647,42.05003],[-73.5216,42.05003],[-73.52877,41.97787],[-73.71183,42.00536],[-73.90924,42.07924],[-73.93078,42.07838],[-73.90924,42.12735]]]}},{"type":"Feature","id":"34009","properties":{"key":"cape may","st":"NJ","name":"Cape May","fips":"34009"},"geometry":{"type":"Polygon","coordinates":[[[-74.91424,39.17734],[-74.92142,39.22459],[-74.8963,39.2349],[-74.88194,39.30878],[-74.8604,39.32424],[-74.69888,39.28902],[-74.61633,39.29331],[-74.58762,39.31049],[-74.54096,39.30018],[-74.63787,39.22115],[-74.71324,39.11978],[-74.79221,38.99178],[-74.86399,38.94024],[-74.93219,38.92821],[-74.97167,38.94024],[-74.95014,39.01584],[-74.8963,39.09916],[-74.88553,39.15844],[-74.91424,39.17734]]]}},{"type":"Feature","id":"51145","properties":{"key":"powhatan","st":"VA","name":"Powhatan","fips":"51145"},"geometry":{"type":"Polygon","coordinates":[[[-78.13384,37.45492],[-78.08718,37.62845],[-78.07282,37.65766],[-77.98309,37.62416],[-77.94361,37.64392],[-77.9472,37.67828],[-77.9113,37.68945],[-77.83234,37.63361],[-77.82157,37.6087],[-77.76055,37.61127],[-77.65646,37.56403],[-77.79645,37.45922],[-77.80721,37.42658],[-77.85387,37.41799],[-77.86464,37.45664],[-77.90054,37.47554],[-78.01539,37.49186],[-78.01539,37.47211],[-78.06564,37.45235],[-78.13384,37.45492]]]}},{"type":"Feature","id":"34013","properties":{"key":"essex","st":"NJ","name":"Essex","fips":"34013"},"geometry":{"type":"Polygon","coordinates":[[[-74.27176,40.89718],[-74.13178,40.81986],[-74.14613,40.78636],[-74.16767,40.7477],[-74.12101,40.74169],[-74.11383,40.70303],[-74.13537,40.67468],[-74.21074,40.691],[-74.22151,40.70732],[-74.28612,40.72193],[-74.3256,40.71677],[-74.37226,40.73997],[-74.36867,40.79323],[-74.33637,40.81385],[-74.3256,40.90834],[-74.27176,40.89718]]]}},{"type":"Feature","id":"51081","properties":{"key":"greensville","st":"VA","name":"Greensville","fips":"51081"},"geometry":{"type":"Polygon","coordinates":[[[-77.76773,36.54518],[-77.65646,36.71356],[-77.65646,36.89482],[-77.62057,36.87764],[-77.5775,36.85186],[-77.5093,36.84499],[-77.45905,36.86303],[-77.49136,36.72129],[-77.43034,36.70754],[-77.50212,36.6706],[-77.46264,36.65256],[-77.41598,36.65428],[-77.3765,36.6328],[-77.35496,36.55377],[-77.29753,36.54432],[-77.76773,36.54518]],[[-77.55596,36.71356],[-77.55596,36.6749],[-77.5093,36.68263],[-77.52007,36.7127],[-77.55596,36.71356]]]}},{"type":"Feature","id":"51085","properties":{"key":"hanover","st":"VA","name":"Hanover","fips":"51085"},"geometry":{"type":"Polygon","coordinates":[[[-77.79645,37.72896],[-77.68877,38.00816],[-77.64211,37.99098],[-77.6098,37.95404],[-77.5775,37.95833],[-77.54519,37.91624],[-77.52725,37.92054],[-77.48418,37.8836],[-77.44469,37.89476],[-77.42316,37.8647],[-77.42675,37.82947],[-77.39444,37.80284],[-77.39803,37.77707],[-77.34419,37.7891],[-77.29394,37.74013],[-77.29394,37.71436],[-77.22934,37.7135],[-77.2401,37.68601],[-77.18268,37.68343],[-77.18627,37.65766],[-77.11089,37.66196],[-77.12525,37.62674],[-77.1396,37.59237],[-77.17191,37.59667],[-77.2401,37.53825],[-77.40521,37.60526],[-77.44828,37.68429],[-77.49494,37.70147],[-77.55955,37.68172],[-77.63134,37.70577],[-77.7103,37.70663],[-77.79645,37.72896]]]}},{"type":"Feature","id":"36019","properties":{"key":"clinton","st":"NY","name":"Clinton","fips":"36019"},"geometry":{"type":"Polygon","coordinates":[[[-74.02769,44.99575],[-73.67594,45.00262],[-73.34213,45.01121],[-73.33854,44.91758],[-73.36367,44.8918],[-73.37802,44.83768],[-73.33136,44.78872],[-73.36726,44.74147],[-73.37444,44.66244],[-73.38879,44.6358],[-73.36008,44.56364],[-73.33854,44.54646],[-73.46417,44.53787],[-73.49647,44.48633],[-73.5539,44.48289],[-73.57185,44.46571],[-73.66876,44.44166],[-73.70106,44.44595],[-73.90924,44.42963],[-73.93437,44.57653],[-73.94513,44.57481],[-73.96667,44.70882],[-73.98462,44.70797],[-74.02769,44.99575]]]}},{"type":"Feature","id":"51163","properties":{"key":"rockbridge","st":"VA","name":"Rockbridge","fips":"51163"},"geometry":{"type":"Polygon","coordinates":[[[-79.67365,37.76333],[-79.60545,37.86212],[-79.64852,37.87415],[-79.60904,37.93514],[-79.53366,38.003],[-79.48341,38.08633],[-79.1855,37.91452],[-79.15679,37.89133],[-79.14602,37.85611],[-79.17115,37.80284],[-79.21063,37.7891],[-79.23216,37.81315],[-79.26447,37.79511],[-79.34702,37.66024],[-79.43675,37.61729],[-79.45829,37.60612],[-79.43316,37.57262],[-79.49777,37.5331],[-79.57674,37.58035],[-79.57315,37.59581],[-79.68441,37.66196],[-79.67006,37.67398],[-79.688,37.73498],[-79.67365,37.76333]],[[-79.46188,37.78652],[-79.4547,37.76505],[-79.41522,37.78824],[-79.46188,37.78652]],[[-79.38291,37.74185],[-79.37215,37.69546],[-79.32548,37.74357],[-79.33266,37.75989],[-79.38291,37.74185]]]}},{"type":"Feature","id":"42099","properties":{"key":"perry","st":"PA","name":"Perry","fips":"42099"},"geometry":{"type":"Polygon","coordinates":[[[-77.67082,40.28982],[-77.56673,40.36714],[-77.53084,40.37573],[-77.54161,40.39892],[-77.29036,40.51833],[-77.16832,40.55957],[-77.18268,40.5819],[-77.02475,40.60424],[-76.94937,40.62829],[-76.96373,40.58706],[-76.99244,40.5673],[-76.98527,40.51661],[-76.94937,40.48483],[-76.95296,40.46249],[-77.02834,40.39119],[-77.0068,40.35855],[-76.9386,40.35769],[-76.91348,40.32848],[-76.9745,40.31044],[-77.2401,40.28381],[-77.31907,40.26749],[-77.32266,40.2924],[-77.41957,40.25546],[-77.35855,40.307],[-77.39444,40.30357],[-77.60621,40.18502],[-77.61339,40.19876],[-77.60262,40.22797],[-77.63852,40.21766],[-77.67082,40.28982]]]}},{"type":"Feature","id":"34021","properties":{"key":"mercer","st":"NJ","name":"Mercer","fips":"34021"},"geometry":{"type":"Polygon","coordinates":[[[-74.94296,40.34137],[-74.85681,40.34652],[-74.87117,40.37745],[-74.80297,40.38518],[-74.81015,40.41696],[-74.74913,40.42383],[-74.72042,40.37487],[-74.65222,40.39119],[-74.61992,40.37401],[-74.62351,40.32504],[-74.48353,40.2735],[-74.48353,40.25374],[-74.54455,40.2168],[-74.56249,40.19017],[-74.61633,40.18244],[-74.58762,40.13863],[-74.62351,40.14292],[-74.70965,40.18158],[-74.72401,40.15065],[-74.77067,40.21508],[-74.84246,40.2503],[-74.86758,40.29498],[-74.94296,40.34137]]]}},{"type":"Feature","id":"34017","properties":{"key":"hudson","st":"NJ","name":"Hudson","fips":"34017"},"geometry":{"type":"Polygon","coordinates":[[[-74.14613,40.78636],[-74.09947,40.77605],[-74.01692,40.8233],[-73.98462,40.79924],[-74.00974,40.76488],[-74.0241,40.70904],[-74.04563,40.69014],[-74.07076,40.66094],[-74.16049,40.64461],[-74.13537,40.67468],[-74.11383,40.70303],[-74.12101,40.74169],[-74.16767,40.7477],[-74.14613,40.78636]]]}},{"type":"Feature","id":"36047","properties":{"key":"kings","st":"NY","name":"Kings","fips":"36047"},"geometry":{"type":"Polygon","coordinates":[[[-74.02051,40.68069],[-73.97385,40.70904],[-73.96308,40.73653],[-73.92719,40.72622],[-73.89488,40.68241],[-73.86976,40.69444],[-73.8554,40.6429],[-73.83386,40.62829],[-73.84822,40.58877],[-73.93437,40.56902],[-74.01333,40.57417],[-74.00256,40.59565],[-74.04204,40.62915],[-74.02051,40.68069]]]}},{"type":"Feature","id":"36009","properties":{"key":"cattaraugus","st":"NY","name":"Cattaraugus","fips":"36009"},"geometry":{"type":"Polygon","coordinates":[[[-79.05988,42.53798],[-78.98809,42.52166],[-78.95579,42.47269],[-78.884,42.43833],[-78.66147,42.49245],[-78.56455,42.50877],[-78.46405,42.53626],[-78.46405,42.51908],[-78.30971,42.5208],[-78.30971,41.99935],[-78.91989,41.99849],[-79.05988,41.99935],[-79.05988,42.53798]]]}},{"type":"Feature","id":"42109","properties":{"key":"snyder","st":"PA","name":"Snyder","fips":"42109"},"geometry":{"type":"Polygon","coordinates":[[[-77.35496,40.80698],[-77.32266,40.81728],[-77.05346,40.86969],[-77.02475,40.85766],[-76.94219,40.88773],[-76.82734,40.88773],[-76.79862,40.87828],[-76.79862,40.88171],[-76.79862,40.87828],[-76.85964,40.7812],[-76.85964,40.71162],[-76.9386,40.6386],[-77.0068,40.6429],[-77.03552,40.67726],[-77.09294,40.6764],[-77.11089,40.69186],[-77.15037,40.67726],[-77.28677,40.69358],[-77.35496,40.70131],[-77.35496,40.80698]]]}},{"type":"Feature","id":"36013","properties":{"key":"chautauqua","st":"NY","name":"Chautauqua","fips":"36013"},"geometry":{"type":"Polygon","coordinates":[[[-79.76338,42.26995],[-79.64493,42.31548],[-79.4547,42.41084],[-79.35061,42.48901],[-79.24293,42.53197],[-79.14961,42.55344],[-79.13525,42.56977],[-79.10654,42.56977],[-79.05988,42.53798],[-79.05988,41.99935],[-79.61263,41.99935],[-79.76338,42.00021],[-79.76338,42.26995]]]}},{"type":"Feature","id":"51177","properties":{"key":"spotsylvania","st":"VA","name":"Spotsylvania","fips":"51177"},"geometry":{"type":"Polygon","coordinates":[[[-77.95437,38.11812],[-77.71389,38.33546],[-77.70312,38.36123],[-77.6457,38.37841],[-77.61698,38.36811],[-77.53084,38.30883],[-77.51289,38.27962],[-77.44828,38.28478],[-77.41957,38.25815],[-77.36932,38.24698],[-77.51648,38.10523],[-77.64211,37.99098],[-77.68877,38.00816],[-77.73902,38.03307],[-77.78568,38.07602],[-77.91848,38.11812],[-77.95437,38.11812]]]}},{"type":"Feature","id":"34025","properties":{"key":"monmouth","st":"NJ","name":"Monmouth","fips":"34025"},"geometry":{"type":"Polygon","coordinates":[[[-74.48353,40.25374],[-74.39379,40.27951],[-74.35431,40.32504],[-74.24663,40.40751],[-74.2251,40.45304],[-74.13537,40.45648],[-74.04922,40.41868],[-73.99897,40.41095],[-73.98462,40.44875],[-73.97026,40.37143],[-73.98103,40.27951],[-74.03128,40.12316],[-74.03128,40.10083],[-74.07076,40.0888],[-74.10665,40.13691],[-74.15331,40.09997],[-74.24304,40.11543],[-74.26099,40.16698],[-74.40815,40.17213],[-74.55172,40.07935],[-74.58762,40.13863],[-74.61633,40.18244],[-74.56249,40.19017],[-74.54455,40.2168],[-74.48353,40.25374]]]}},{"type":"Feature","id":"42033","properties":{"key":"clearfield","st":"PA","name":"Clearfield","fips":"42033"},"geometry":{"type":"Polygon","coordinates":[[[-78.80504,40.90577],[-78.80504,41.13256],[-78.76555,41.203],[-78.71172,41.20214],[-78.64711,41.21761],[-78.64711,41.25369],[-78.23793,41.23049],[-78.09436,41.21675],[-78.03693,41.15404],[-78.06923,41.12311],[-78.1123,41.11452],[-78.08,41.03119],[-78.05846,41.0037],[-78.08718,40.99339],[-78.07641,40.95903],[-78.15537,40.94185],[-78.21998,40.91264],[-78.2487,40.85508],[-78.28818,40.84993],[-78.3133,40.80869],[-78.37791,40.75457],[-78.35996,40.73224],[-78.3492,40.72451],[-78.80145,40.72451],[-78.80504,40.90577]]]}},{"type":"Feature","id":"51179","properties":{"key":"stafford","st":"VA","name":"Stafford","fips":"51179"},"geometry":{"type":"Polygon","coordinates":[[[-77.63493,38.4102],[-77.63493,38.4669],[-77.53084,38.55624],[-77.48777,38.59146],[-77.41957,38.56397],[-77.37291,38.52102],[-77.30112,38.5047],[-77.32625,38.44886],[-77.31189,38.3913],[-77.28677,38.34921],[-77.32266,38.34577],[-77.34419,38.26158],[-77.32625,38.24526],[-77.36932,38.24698],[-77.41957,38.25815],[-77.44828,38.28478],[-77.46623,38.31828],[-77.50212,38.32601],[-77.53084,38.30883],[-77.61698,38.36811],[-77.63493,38.4102]]]}},{"type":"Feature","id":"34037","properties":{"key":"sussex","st":"NJ","name":"Sussex","fips":"34037"},"geometry":{"type":"Polygon","coordinates":[[[-74.99321,41.09218],[-74.92142,41.13857],[-74.88194,41.18067],[-74.83169,41.28719],[-74.75272,41.34647],[-74.6953,41.35763],[-74.36867,41.20386],[-74.50147,41.08617],[-74.64146,40.96418],[-74.65222,40.92123],[-74.70965,40.89889],[-74.73119,40.92123],[-74.77067,40.91092],[-74.96808,41.09476],[-74.99321,41.09218]]]}},{"type":"Feature","id":"36081","properties":{"key":"queens","st":"NY","name":"Queens","fips":"36081"},"geometry":{"type":"Polygon","coordinates":[[[-73.91283,40.79581],[-73.7872,40.80182],[-73.76926,40.8001],[-73.70106,40.75285],[-73.72619,40.72451],[-73.72619,40.6532],[-73.76926,40.624],[-73.75131,40.58963],[-73.83386,40.57761],[-73.94154,40.54324],[-73.93437,40.56902],[-73.84822,40.58877],[-73.83386,40.62829],[-73.8554,40.6429],[-73.86976,40.69444],[-73.89488,40.68241],[-73.92719,40.72622],[-73.96308,40.73653],[-73.91283,40.79581]]]}},{"type":"Feature","id":"42101","properties":{"key":"philadelphia","st":"PA","name":"Philadelphia","fips":"42101"},"geometry":{"type":"Polygon","coordinates":[[[-75.27676,39.97712],[-75.20498,40.01149],[-75.26599,40.05444],[-75.22292,40.0931],[-75.17626,40.08451],[-75.11165,40.04671],[-75.01474,40.13777],[-74.96449,40.11887],[-74.97526,40.04928],[-75.0614,39.99173],[-75.1296,39.95908],[-75.14037,39.88864],[-75.21215,39.86545],[-75.2624,39.87661],[-75.23369,39.93761],[-75.27676,39.97712]]]}},{"type":"Feature","id":"36083","properties":{"key":"rensselaer","st":"NY","name":"Rensselaer","fips":"36083"},"geometry":{"type":"Polygon","coordinates":[[[-73.67594,42.78367],[-73.65799,42.81889],[-73.67953,42.91253],[-73.63645,42.94088],[-73.44981,42.94432],[-73.43186,42.95806],[-73.38161,42.94346],[-73.27394,42.94346],[-73.27752,42.8335],[-73.29188,42.80171],[-73.26317,42.74587],[-73.3529,42.50963],[-73.78361,42.4641],[-73.75131,42.56633],[-73.75849,42.61444],[-73.70824,42.69433],[-73.67594,42.78367]]]}},{"type":"Feature","id":"42123","properties":{"key":"warren","st":"PA","name":"Warren","fips":"42123"},"geometry":{"type":"Polygon","coordinates":[[[-79.61263,41.84987],[-79.61263,41.99935],[-79.05988,41.99935],[-78.91989,41.99849],[-78.91631,41.84128],[-78.94861,41.83012],[-78.95579,41.62394],[-78.95579,41.62308],[-79.51213,41.6248],[-79.61263,41.62394],[-79.61263,41.84987]]]}},{"type":"Feature","id":"51035","properties":{"key":"carroll","st":"VA","name":"Carroll","fips":"51035"},"geometry":{"type":"Polygon","coordinates":[[[-80.73967,36.87935],[-80.68224,36.89482],[-80.63558,36.93176],[-80.46329,36.7084],[-80.46688,36.67318],[-80.52431,36.64397],[-80.59609,36.66115],[-80.62122,36.6182],[-80.61045,36.55807],[-80.70377,36.56236],[-80.83658,36.55893],[-80.91554,36.64999],[-80.87965,36.69294],[-80.91913,36.6938],[-80.93349,36.67146],[-81.04117,36.80633],[-80.85093,36.84929],[-80.73967,36.87935]]]}},{"type":"Feature","id":"24009","properties":{"key":"calvert","st":"MD","name":"Calvert","fips":"24009"},"geometry":{"type":"Polygon","coordinates":[[[-76.68735,38.74867],[-76.62275,38.76757],[-76.62275,38.72633],[-76.52942,38.71345],[-76.53301,38.67823],[-76.51148,38.61551],[-76.51866,38.53906],[-76.49353,38.48322],[-76.41457,38.41449],[-76.38585,38.36123],[-76.41816,38.32257],[-76.472,38.32429],[-76.50071,38.3724],[-76.60839,38.4248],[-76.65505,38.46518],[-76.673,38.49954],[-76.67659,38.53562],[-76.673,38.61723],[-76.70171,38.71087],[-76.68735,38.74867]]]}},{"type":"Feature","id":"51700","properties":{"key":"newport news","st":"VA","name":"Newport News","fips":"51700"},"geometry":{"type":"Polygon","coordinates":[[[-76.61198,37.16714],[-76.57967,37.1826],[-76.59044,37.21353],[-76.56532,37.2204],[-76.51507,37.17831],[-76.46123,37.10271],[-76.4361,37.09498],[-76.45046,37.03742],[-76.38944,36.98931],[-76.42892,36.96956],[-76.46482,37.02797],[-76.56891,37.08037],[-76.61916,37.11903],[-76.61198,37.16714]]]}},{"type":"Feature","id":"36085","properties":{"key":"richmond","st":"NY","name":"Richmond","fips":"36085"},"geometry":{"type":"Polygon","coordinates":[[[-74.20356,40.59307],[-74.20356,40.63087],[-74.16049,40.64461],[-74.07076,40.66094],[-74.05281,40.60338],[-74.08512,40.56988],[-74.22151,40.50287],[-74.26099,40.50201],[-74.25022,40.54496],[-74.21792,40.55871],[-74.20356,40.59307]]]}},{"type":"Feature","id":"36111","properties":{"key":"ulster","st":"NY","name":"Ulster","fips":"36111"},"geometry":{"type":"Polygon","coordinates":[[[-74.78144,42.01653],[-74.45122,42.16944],[-74.30765,42.11446],[-74.07435,42.09642],[-74.04204,42.1703],[-74.00256,42.17718],[-73.90924,42.12735],[-73.93078,42.07838],[-73.93795,42.00622],[-73.96308,41.91001],[-73.94154,41.87307],[-73.95231,41.77084],[-73.94154,41.75538],[-73.95231,41.58958],[-74.05281,41.58099],[-74.13537,41.61535],[-74.12819,41.58271],[-74.25022,41.60504],[-74.26458,41.63253],[-74.36867,41.5913],[-74.39379,41.6437],[-74.57685,41.74507],[-74.45481,41.87565],[-74.78144,42.01653]]]}},{"type":"Feature","id":"09005","properties":{"key":"litchfield","st":"CT","name":"Litchfield","fips":"09005"},"geometry":{"type":"Polygon","coordinates":[[[-73.4857,42.05003],[-73.43186,42.05089],[-73.05499,42.03973],[-73.00833,42.03887],[-73.02986,41.96671],[-72.88629,41.97272],[-72.91501,41.89712],[-72.94013,41.8954],[-72.95449,41.85417],[-72.94731,41.80606],[-73.01551,41.79833],[-72.9832,41.6394],[-73.05858,41.60676],[-73.09447,41.56982],[-73.16626,41.55693],[-73.15549,41.5157],[-73.3206,41.50367],[-73.30983,41.46845],[-73.37444,41.48907],[-73.3852,41.51484],[-73.44263,41.49165],[-73.44622,41.52257],[-73.49647,41.63855],[-73.51801,41.66689],[-73.4857,42.05003]]]}},{"type":"Feature","id":"51077","properties":{"key":"grayson","st":"VA","name":"Grayson","fips":"51077"},"geometry":{"type":"Polygon","coordinates":[[[-81.64776,36.61219],[-81.60469,36.63796],[-81.5329,36.67662],[-81.54367,36.70153],[-81.43958,36.71699],[-81.38574,36.74019],[-81.2637,36.76338],[-81.18474,36.75823],[-81.08783,36.76768],[-81.08424,36.78829],[-81.04117,36.80633],[-80.93349,36.67146],[-80.91554,36.64999],[-80.83658,36.55893],[-80.90118,36.5615],[-81.17756,36.57181],[-81.35344,36.57439],[-81.67647,36.58813],[-81.64776,36.61219]]]}},{"type":"Feature","id":"51001","properties":{"key":"accomack","st":"VA","name":"Accomack","fips":"51001"},"geometry":{"type":"MultiPolygon","coordinates":[[[[-75.66799,37.9506],[-75.64646,37.94717],[-75.62492,37.99441],[-75.24087,38.02706],[-75.2983,37.95919],[-75.35214,37.875],[-75.38085,37.85181],[-75.3988,37.86985],[-75.45264,37.86384],[-75.52083,37.79683],[-75.5639,37.7367],[-75.60339,37.62845],[-75.5998,37.57347],[-75.67158,37.48327],[-75.67517,37.46352],[-75.71466,37.44977],[-75.81157,37.47382],[-75.78644,37.5288],[-75.83669,37.55458],[-75.93719,37.54942],[-75.92642,37.60011],[-75.86899,37.66797],[-75.80439,37.76247],[-75.81874,37.79168],[-75.74337,37.80628],[-75.68953,37.86212],[-75.68594,37.88617],[-75.75773,37.90421],[-75.66799,37.9506]]],[[[-75.99821,37.84837],[-75.97308,37.83549],[-75.99821,37.81229],[-75.99821,37.84837]]],[[[-75.99462,37.95318],[-76.0341,37.91538],[-76.04487,37.95318],[-75.99462,37.95318]]]]}},{"type":"Feature","id":"24035","properties":{"key":"queen annes","st":"MD","name":"Queen Anne's","fips":"24035"},"geometry":{"type":"Polygon","coordinates":[[[-76.15973,39.09401],[-76.11666,39.1069],[-76.04846,39.16274],[-76.07,39.19194],[-76.00898,39.24005],[-75.94078,39.23833],[-75.84028,39.25809],[-75.80798,39.24177],[-75.75773,39.24606],[-75.74696,39.14298],[-75.83669,39.10861],[-75.84746,39.07168],[-75.89053,39.01841],[-75.94078,38.97632],[-75.94796,38.91876],[-76.09153,38.94453],[-76.11666,38.91361],[-76.1023,38.88268],[-76.16332,38.87925],[-76.19921,38.8509],[-76.2028,38.92821],[-76.23151,38.94282],[-76.29253,38.90244],[-76.3356,38.90588],[-76.33201,38.86464],[-76.37509,38.85004],[-76.36073,38.93938],[-76.3033,39.02614],[-76.27817,38.98233],[-76.2028,38.97288],[-76.16332,38.99951],[-76.18485,39.0459],[-76.15973,39.09401]]]}},{"type":"Feature","id":"25015","properties":{"key":"hampshire","st":"MA","name":"Hampshire","fips":"25015"},"geometry":{"type":"Polygon","coordinates":[[[-72.97602,42.55602],[-72.87552,42.54142],[-72.87193,42.48386],[-72.77502,42.46668],[-72.75708,42.44606],[-72.69965,42.45293],[-72.70324,42.40569],[-72.49147,42.43403],[-72.48429,42.4074],[-72.37661,42.42115],[-72.35508,42.36617],[-72.35508,42.30346],[-72.31559,42.34383],[-72.29047,42.35242],[-72.27611,42.30174],[-72.2115,42.31119],[-72.22227,42.24504],[-72.36584,42.20724],[-72.39456,42.18577],[-72.40533,42.23216],[-72.59197,42.21154],[-72.62427,42.23387],[-72.59915,42.26824],[-72.63504,42.27425],[-72.65658,42.22786],[-72.68888,42.21326],[-72.68529,42.18319],[-72.7822,42.19951],[-72.79297,42.23645],[-72.85758,42.24075],[-72.87193,42.21669],[-72.91142,42.23903],[-72.87911,42.26566],[-72.88629,42.33267],[-72.95449,42.34383],[-73.00115,42.31291],[-73.06217,42.32923],[-73.06576,42.38936],[-73.01192,42.37991],[-72.96885,42.5397],[-72.97602,42.55602]]]}},{"type":"Feature","id":"51149","properties":{"key":"prince george","st":"VA","name":"Prince George","fips":"51149"},"geometry":{"type":"Polygon","coordinates":[[[-77.39803,37.17058],[-77.34419,37.17401],[-77.32984,37.19635],[-77.3765,37.24446],[-77.35137,37.31232],[-77.33343,37.31232],[-77.32625,37.26679],[-77.30471,37.26164],[-77.25446,37.29342],[-77.28318,37.31318],[-77.27241,37.32091],[-77.12525,37.30287],[-77.08577,37.3106],[-77.06782,37.26937],[-77.01039,37.30545],[-76.97091,37.24875],[-77.01398,37.23329],[-77.01039,37.21267],[-77.07141,37.18432],[-77.15396,37.11216],[-77.39803,36.99275],[-77.39803,37.17058]]]}},{"type":"Feature","id":"36005","properties":{"key":"bronx","st":"NY","name":"Bronx","fips":"36005"},"geometry":{"type":"Polygon","coordinates":[[[-73.93437,40.88171],[-73.91642,40.91779],[-73.76567,40.87656],[-73.76567,40.84477],[-73.81233,40.84649],[-73.7872,40.80182],[-73.91283,40.79581],[-73.93437,40.83532],[-73.90565,40.87312],[-73.93437,40.88171]]]}},{"type":"Feature","id":"51127","properties":{"key":"new kent","st":"VA","name":"New Kent","fips":"51127"},"geometry":{"type":"Polygon","coordinates":[[[-77.2401,37.53825],[-77.17191,37.59667],[-77.1396,37.59237],[-77.12525,37.62674],[-77.08935,37.61815],[-76.98168,37.56574],[-76.96732,37.58636],[-76.94219,37.55973],[-76.85246,37.57262],[-76.87759,37.53138],[-76.81657,37.55028],[-76.79144,37.51764],[-76.74119,37.46695],[-76.76991,37.43517],[-76.82375,37.45063],[-76.89194,37.43259],[-76.90271,37.37761],[-76.90271,37.40424],[-76.94219,37.38362],[-76.94219,37.41025],[-77.02116,37.41627],[-77.09653,37.44032],[-77.12525,37.47125],[-77.17909,37.49101],[-77.2401,37.53825]]]}},{"type":"Feature","id":"51197","properties":{"key":"wythe","st":"VA","name":"Wythe","fips":"51197"},"geometry":{"type":"Polygon","coordinates":[[[-80.91195,37.0735],[-80.89401,37.02711],[-80.8617,37.00392],[-80.73967,36.87935],[-80.85093,36.84929],[-81.04117,36.80633],[-81.08424,36.78829],[-81.08783,36.76768],[-81.18474,36.75823],[-81.2637,36.76338],[-81.27088,36.79173],[-81.32831,36.89997],[-81.37856,36.95237],[-81.28524,37.01938],[-81.22422,37.04773],[-81.16679,37.02454],[-81.11295,37.02282],[-81.03399,37.04687],[-80.91195,37.0735]]]}},{"type":"Feature","id":"25007","properties":{"key":"dukes","st":"MA","name":"Dukes","fips":"25007"},"geometry":{"type":"MultiPolygon","coordinates":[[[[-70.83322,41.35334],[-70.76861,41.35334],[-70.70041,41.43065],[-70.6035,41.4822],[-70.56402,41.46931],[-70.53889,41.40918],[-70.48505,41.38598],[-70.44916,41.42034],[-70.45275,41.34818],[-70.59991,41.34904],[-70.71118,41.34131],[-70.77579,41.30093],[-70.83322,41.35334]]],[[[-70.69323,41.52601],[-70.66811,41.51312],[-70.73271,41.48649],[-70.79014,41.44612],[-70.86552,41.42206],[-70.94807,41.40918],[-70.92654,41.43151],[-70.80091,41.46072],[-70.69323,41.52601]]]]}},{"type":"Feature","id":"42035","properties":{"key":"clinton","st":"PA","name":"Clinton","fips":"42035"},"geometry":{"type":"Polygon","coordinates":[[[-78.09436,41.21675],[-77.99027,41.36708],[-77.99027,41.47446],[-77.59903,41.47876],[-77.58468,41.44096],[-77.52725,41.35849],[-77.477,41.33787],[-77.47341,41.31468],[-77.35137,41.22018],[-77.32266,41.21932],[-77.16473,41.06899],[-77.14319,41.06899],[-77.14319,41.04408],[-77.34061,40.98738],[-77.5093,40.96332],[-77.58109,41.04665],[-77.56314,41.05782],[-77.62057,41.09132],[-77.74261,41.10765],[-77.80003,41.18153],[-77.89336,41.17809],[-77.89695,41.25283],[-77.94002,41.20902],[-77.97232,41.20386],[-77.97232,41.17294],[-78.00462,41.14459],[-78.03693,41.15404],[-78.09436,41.21675]]]}},{"type":"Feature","id":"51141","properties":{"key":"patrick","st":"VA","name":"Patrick","fips":"51141"},"geometry":{"type":"Polygon","coordinates":[[[-80.46329,36.7084],[-80.44534,36.74792],[-80.39509,36.74448],[-80.38792,36.79774],[-80.34484,36.81321],[-80.291,36.85788],[-80.23717,36.87248],[-80.06488,36.84156],[-80.03975,36.79431],[-80.09359,36.7797],[-80.09359,36.72472],[-80.0577,36.65686],[-80.05411,36.5426],[-80.29459,36.54432],[-80.44176,36.55033],[-80.61045,36.55807],[-80.62122,36.6182],[-80.59609,36.66115],[-80.52431,36.64397],[-80.46688,36.67318],[-80.46329,36.7084]]]}},{"type":"Feature","id":"34039","properties":{"key":"union","st":"NJ","name":"Union","fips":"34039"},"geometry":{"type":"Polygon","coordinates":[[[-74.46199,40.59908],[-74.4261,40.6197],[-74.40456,40.66695],[-74.45122,40.65406],[-74.46199,40.67382],[-74.37226,40.73997],[-74.3256,40.71677],[-74.28612,40.72193],[-74.22151,40.70732],[-74.21074,40.691],[-74.13537,40.67468],[-74.16049,40.64461],[-74.20356,40.63087],[-74.20356,40.59307],[-74.21433,40.60424],[-74.28971,40.59221],[-74.30406,40.60853],[-74.46199,40.59908]]]}},{"type":"Feature","id":"34027","properties":{"key":"morris","st":"NJ","name":"Morris","fips":"34027"},"geometry":{"type":"Polygon","coordinates":[[[-74.77067,40.91092],[-74.73119,40.92123],[-74.70965,40.89889],[-74.65222,40.92123],[-74.64146,40.96418],[-74.50147,41.08617],[-74.50147,41.04236],[-74.44763,41.05438],[-74.39021,41.01229],[-74.30047,40.9994],[-74.27894,40.97363],[-74.27176,40.89718],[-74.3256,40.90834],[-74.33637,40.81385],[-74.36867,40.79323],[-74.37226,40.73997],[-74.46199,40.67382],[-74.52301,40.64891],[-74.51224,40.69788],[-74.55531,40.75801],[-74.72401,40.71935],[-74.82451,40.74255],[-74.88912,40.78808],[-74.81733,40.83704],[-74.80656,40.88171],[-74.77067,40.91092]]]}},{"type":"Feature","id":"42019","properties":{"key":"butler","st":"PA","name":"Butler","fips":"42019"},"geometry":{"type":"Polygon","coordinates":[[[-80.09718,41.06985],[-80.00027,41.17208],[-79.69518,41.17294],[-79.69159,41.17036],[-79.69159,40.66953],[-80.14743,40.67468],[-80.1582,40.85508],[-80.16538,41.00026],[-80.09718,41.06985]]]}},{"type":"Feature","id":"51175","properties":{"key":"southampton","st":"VA","name":"Southampton","fips":"51175"},"geometry":{"type":"Polygon","coordinates":[[[-77.43034,36.70754],[-77.34419,36.75221],[-77.11807,36.85874],[-76.95296,36.94464],[-76.84887,36.99619],[-76.85964,36.95581],[-76.81657,36.90599],[-76.81657,36.88021],[-76.85246,36.85186],[-76.86682,36.78829],[-76.90271,36.75737],[-76.92425,36.70754],[-76.96732,36.70239],[-76.96373,36.66717],[-76.90989,36.64827],[-76.89912,36.64397],[-76.91707,36.55205],[-76.91707,36.54346],[-77.16473,36.54604],[-77.29753,36.54432],[-77.35496,36.55377],[-77.3765,36.6328],[-77.41598,36.65428],[-77.46264,36.65256],[-77.50212,36.6706],[-77.43034,36.70754]]]}},{"type":"Feature","id":"51037","properties":{"key":"charlotte","st":"VA","name":"Charlotte","fips":"51037"},"geometry":{"type":"Polygon","coordinates":[[[-78.82298,37.20494],[-78.77632,37.22899],[-78.73325,37.2204],[-78.683,37.24875],[-78.69377,37.20408],[-78.64352,37.19463],[-78.63634,37.16972],[-78.5825,37.14051],[-78.54661,37.15082],[-78.5143,37.13278],[-78.482,37.08553],[-78.44252,37.07952],[-78.49277,36.89138],[-78.64711,36.69809],[-78.69018,36.74191],[-78.66505,36.76424],[-78.68659,36.82437],[-78.67223,36.85788],[-78.7512,36.91973],[-78.72607,36.93777],[-78.74043,37.00134],[-78.79427,36.95581],[-78.81581,36.98416],[-78.90195,36.97986],[-78.90554,37.02196],[-78.82298,37.20494]]]}},{"type":"Feature","id":"36091","properties":{"key":"saratoga","st":"NY","name":"Saratoga","fips":"36091"},"geometry":{"type":"Polygon","coordinates":[[[-74.16049,43.37127],[-73.88412,43.3979],[-73.85899,43.33003],[-73.82669,43.30512],[-73.83386,43.24928],[-73.80156,43.25014],[-73.76926,43.22265],[-73.73695,43.26732],[-73.64363,43.30426],[-73.59338,43.30598],[-73.60056,43.26818],[-73.57903,43.20891],[-73.58979,43.13417],[-73.57544,43.11871],[-73.57903,43.05599],[-73.63645,42.94088],[-73.67953,42.91253],[-73.65799,42.81889],[-73.67594,42.78367],[-73.69029,42.77508],[-73.73695,42.81975],[-73.76926,42.78625],[-73.80874,42.77852],[-73.89488,42.85068],[-73.90565,42.91081],[-73.9559,42.89707],[-74.00615,42.93315],[-74.09229,42.95548],[-74.09588,42.98297],[-74.13895,43.25358],[-74.16049,43.37127]]]}},{"type":"Feature","id":"36035","properties":{"key":"fulton","st":"NY","name":"Fulton","fips":"36035"},"geometry":{"type":"Polygon","coordinates":[[[-74.71324,43.28622],[-74.53378,43.22781],[-74.3256,43.24155],[-74.32201,43.21492],[-74.22151,43.22179],[-74.2251,43.24842],[-74.13895,43.25358],[-74.09588,42.98297],[-74.54096,42.98555],[-74.7599,43.0474],[-74.77426,43.08348],[-74.7599,43.11956],[-74.7276,43.12558],[-74.6953,43.17454],[-74.71324,43.28622]]]}},{"type":"Feature","id":"42051","properties":{"key":"fayette","st":"PA","name":"Fayette","fips":"42051"},"geometry":{"type":"Polygon","coordinates":[[[-79.99668,39.98314],[-79.99309,40.00891],[-79.95361,39.99516],[-79.87824,40.0321],[-79.87824,40.06303],[-79.83875,40.09138],[-79.87824,40.1266],[-79.74543,40.12832],[-79.68441,40.11371],[-79.63775,40.08279],[-79.59468,40.08193],[-79.58032,40.10512],[-79.48341,40.14378],[-79.3542,40.0742],[-79.34343,40.04413],[-79.29318,40.04069],[-79.39727,39.90067],[-79.41881,39.85342],[-79.36497,39.82078],[-79.35779,39.78126],[-79.40086,39.75549],[-79.39368,39.72112],[-79.47624,39.72112],[-79.76338,39.72112],[-79.91772,39.72112],[-79.90336,39.74346],[-79.93566,39.78126],[-79.90695,39.79329],[-79.93925,39.84655],[-79.91413,39.88005],[-79.9249,39.92472],[-79.9572,39.95307],[-80.01104,39.95908],[-79.99668,39.98314]]]}},{"type":"Feature","id":"42069","properties":{"key":"lackawanna","st":"PA","name":"Lackawanna","fips":"42069"},"geometry":{"type":"Polygon","coordinates":[[[-75.8331,41.42722],[-75.77208,41.50367],[-75.8008,41.52343],[-75.77567,41.57412],[-75.71824,41.64198],[-75.4634,41.64198],[-75.44187,41.25884],[-75.50648,41.23221],[-75.54237,41.22362],[-75.5998,41.16177],[-75.64287,41.17637],[-75.65364,41.25798],[-75.67876,41.26485],[-75.68594,41.33959],[-75.73978,41.34818],[-75.82951,41.39457],[-75.8331,41.42722]]]}},{"type":"Feature","id":"51165","properties":{"key":"rockingham","st":"VA","name":"Rockingham","fips":"51165"},"geometry":{"type":"Polygon","coordinates":[[[-79.05629,38.76155],[-78.99527,38.85004],[-78.86964,38.76327],[-78.64352,38.60435],[-78.69018,38.51157],[-78.63275,38.49782],[-78.62198,38.46604],[-78.55738,38.44714],[-78.54661,38.42652],[-78.48559,38.42137],[-78.54302,38.36467],[-78.55379,38.3346],[-78.66147,38.2779],[-78.65429,38.26072],[-78.71172,38.24011],[-78.74761,38.2066],[-78.89477,38.30625],[-78.91272,38.30368],[-79.22498,38.47806],[-79.1209,38.66019],[-79.09218,38.65933],[-79.08859,38.72032],[-79.05629,38.76155]],[[-78.91631,38.43769],[-78.91272,38.39044],[-78.88041,38.41192],[-78.82657,38.42051],[-78.83375,38.45315],[-78.86964,38.47978],[-78.91631,38.43769]]]}},{"type":"Feature","id":"36027","properties":{"key":"dutchess","st":"NY","name":"Dutchess","fips":"36027"},"geometry":{"type":"Polygon","coordinates":[[[-73.95231,41.58958],[-73.94154,41.75538],[-73.95231,41.77084],[-73.94154,41.87307],[-73.96308,41.91001],[-73.93795,42.00622],[-73.93078,42.07838],[-73.90924,42.07924],[-73.71183,42.00536],[-73.52877,41.97787],[-73.5216,42.05003],[-73.49647,42.05003],[-73.4857,42.05003],[-73.51801,41.66689],[-73.52877,41.52687],[-73.93437,41.48821],[-73.98103,41.43924],[-73.99897,41.45471],[-73.99897,41.51914],[-73.95231,41.58958]]]}},{"type":"Feature","id":"36011","properties":{"key":"cayuga","st":"NY","name":"Cayuga","fips":"36011"},"geometry":{"type":"Polygon","coordinates":[[[-76.71248,43.02421],[-76.70171,43.08005],[-76.72325,43.34378],[-76.69812,43.34464],[-76.61557,43.41938],[-76.6048,43.25787],[-76.48276,43.25701],[-76.47917,43.22781],[-76.472,43.10668],[-76.49712,43.10238],[-76.49353,43.00531],[-76.46123,43.00617],[-76.45046,42.84552],[-76.35714,42.84982],[-76.30689,42.81374],[-76.27458,42.77165],[-76.26382,42.62389],[-76.45764,42.61873],[-76.45764,42.62732],[-76.66582,42.62303],[-76.68376,42.67028],[-76.73043,42.71323],[-76.74119,42.78969],[-76.71607,42.83865],[-76.7376,42.95462],[-76.71248,43.02421]]]}},{"type":"Feature","id":"24017","properties":{"key":"charles","st":"MD","name":"Charles","fips":"24017"},"geometry":{"type":"Polygon","coordinates":[[[-77.12884,38.63527],[-77.13243,38.67393],[-77.08577,38.70572],[-77.04628,38.61637],[-77.02116,38.64644],[-76.96732,38.66104],[-76.86323,38.65847],[-76.74837,38.61809],[-76.74119,38.55882],[-76.67659,38.53562],[-76.673,38.49954],[-76.7735,38.50899],[-76.82016,38.43425],[-76.874,38.38099],[-76.84887,38.35522],[-76.87041,38.33202],[-76.83451,38.27361],[-76.84169,38.25471],[-76.92066,38.29165],[-76.92784,38.32086],[-76.9745,38.34749],[-77.01757,38.44542],[-77.08935,38.40762],[-77.2078,38.35951],[-77.25087,38.38271],[-77.276,38.4815],[-77.23652,38.55194],[-77.18268,38.60091],[-77.11089,38.62668],[-77.12884,38.63527]]]}},{"type":"Feature","id":"42113","properties":{"key":"sullivan","st":"PA","name":"Sullivan","fips":"42113"},"geometry":{"type":"Polygon","coordinates":[[[-76.22075,41.54147],[-76.28176,41.37653],[-76.31048,41.31038],[-76.40739,41.30867],[-76.44687,41.27602],[-76.59403,41.30437],[-76.74837,41.40574],[-76.81298,41.59044],[-76.22075,41.54147]]]}},{"type":"Feature","id":"51830","properties":{"key":"williamsburg","st":"VA","name":"Williamsburg","fips":"51830"},"geometry":{"type":"Polygon","coordinates":[[[-76.72684,37.30631],[-76.70889,37.2771],[-76.68018,37.29256],[-76.66223,37.25133],[-76.72684,37.25047],[-76.72684,37.30631]]]}},{"type":"Feature","id":"36029","properties":{"key":"erie","st":"NY","name":"Erie","fips":"36029"},"geometry":{"type":"Polygon","coordinates":[[[-79.02039,43.0663],[-78.94502,43.06716],[-78.89477,43.04397],[-78.89118,43.02163],[-78.84093,43.01905],[-78.80145,43.06544],[-78.72607,43.08606],[-78.60404,43.07232],[-78.51072,43.09809],[-78.46405,43.08864],[-78.46405,42.86786],[-78.48559,42.86786],[-78.48918,42.78024],[-78.46405,42.78024],[-78.46405,42.53626],[-78.56455,42.50877],[-78.66147,42.49245],[-78.884,42.43833],[-78.95579,42.47269],[-78.98809,42.52166],[-79.05988,42.53798],[-79.10654,42.56977],[-79.13525,42.56977],[-79.11013,42.61358],[-79.06347,42.6445],[-79.04911,42.68918],[-78.91989,42.73728],[-78.8517,42.78367],[-78.86606,42.8524],[-78.91272,42.88676],[-78.90554,42.9237],[-78.93066,42.95548],[-79.01322,42.98555],[-79.00604,43.0474],[-79.02039,43.0663]]]}},{"type":"Feature","id":"24039","properties":{"key":"somerset","st":"MD","name":"Somerset","fips":"24039"},"geometry":{"type":"MultiPolygon","coordinates":[[[[-75.86541,38.23839],[-75.75055,38.28478],[-75.75055,38.28392],[-75.75055,38.28392],[-75.75055,38.28478],[-75.72183,38.26674],[-75.6644,38.29852],[-75.61415,38.27876],[-75.60698,38.2487],[-75.54596,38.17911],[-75.57826,38.14389],[-75.54237,38.08977],[-75.58185,38.06829],[-75.61774,38.07259],[-75.65723,38.02964],[-75.62492,37.99441],[-75.64646,37.94717],[-75.66799,37.9506],[-75.71466,37.97637],[-75.78285,37.97294],[-75.86182,37.91796],[-75.89412,37.9171],[-75.89771,37.97466],[-75.87258,38.03479],[-75.81157,38.05884],[-75.87258,38.06056],[-75.86541,38.09922],[-75.82592,38.13358],[-75.9013,38.14131],[-75.94437,38.11296],[-75.95873,38.13702],[-75.94078,38.18684],[-75.84746,38.21004],[-75.86541,38.23839]]],[[[-75.99462,37.95318],[-76.04487,37.95318],[-76.04846,38.01503],[-76.01974,38.03909],[-75.98026,38.00472],[-75.99462,37.95318]]],[[[-76.04846,38.1207],[-76.03051,38.14733],[-76.00539,38.07688],[-76.05923,38.09492],[-76.04846,38.1207]]]]}},{"type":"Feature","id":"24047","properties":{"key":"worcester","st":"MD","name":"Worcester","fips":"24047"},"geometry":{"type":"Polygon","coordinates":[[[-75.61415,38.27876],[-75.37367,38.28993],[-75.30548,38.35436],[-75.3306,38.38099],[-75.31624,38.40419],[-75.34137,38.45229],[-75.05064,38.45143],[-75.05422,38.41449],[-75.08653,38.32429],[-75.10448,38.31141],[-75.17626,38.13015],[-75.24087,38.02706],[-75.62492,37.99441],[-75.65723,38.02964],[-75.61774,38.07259],[-75.58185,38.06829],[-75.54237,38.08977],[-75.57826,38.14389],[-75.54596,38.17911],[-75.60698,38.2487],[-75.61415,38.27876]]]}},{"type":"Feature","id":"36023","properties":{"key":"cortland","st":"NY","name":"Cortland","fips":"36023"},"geometry":{"type":"Polygon","coordinates":[[[-76.27458,42.77165],[-75.89771,42.79054],[-75.89053,42.72354],[-75.87258,42.54314],[-75.86541,42.41599],[-76.01974,42.40912],[-76.13101,42.40998],[-76.25305,42.4074],[-76.26382,42.62389],[-76.27458,42.77165]]]}},{"type":"Feature","id":"51173","properties":{"key":"smyth","st":"VA","name":"Smyth","fips":"51173"},"geometry":{"type":"Polygon","coordinates":[[[-81.78056,36.95839],[-81.70878,36.97729],[-81.68365,36.93262],[-81.57597,36.98931],[-81.47547,37.01852],[-81.47906,36.98588],[-81.43599,37.00993],[-81.37856,36.95237],[-81.32831,36.89997],[-81.27088,36.79173],[-81.2637,36.76338],[-81.38574,36.74019],[-81.43958,36.71699],[-81.54367,36.70153],[-81.5329,36.67662],[-81.60469,36.63796],[-81.61904,36.63366],[-81.69801,36.78915],[-81.83799,36.92918],[-81.78056,36.95839]]]}},{"type":"Feature","id":"51119","properties":{"key":"middlesex","st":"VA","name":"Middlesex","fips":"51119"},"geometry":{"type":"Polygon","coordinates":[[[-76.75196,37.72896],[-76.68376,37.7702],[-76.61916,37.74443],[-76.58326,37.66196],[-76.54378,37.61643],[-76.4361,37.61299],[-76.41098,37.58207],[-76.29971,37.56145],[-76.35355,37.52709],[-76.4038,37.53568],[-76.4361,37.5142],[-76.50071,37.53654],[-76.59403,37.58808],[-76.65505,37.60354],[-76.71966,37.65766],[-76.75196,37.72896]]]}},{"type":"Feature","id":"51510","properties":{"key":"alexandria","st":"VA","name":"Alexandria","fips":"51510"},"geometry":{"type":"Polygon","coordinates":[[[-77.11089,38.84317],[-77.04269,38.83973],[-77.0391,38.79162],[-77.0391,38.78561],[-77.09294,38.80279],[-77.13602,38.79849],[-77.14319,38.82598],[-77.11089,38.84317]]]}},{"type":"Feature","id":"09003","properties":{"key":"hartford","st":"CT","name":"Hartford","fips":"09003"},"geometry":{"type":"Polygon","coordinates":[[[-73.00833,42.03887],[-72.81451,42.03629],[-72.81809,41.99763],[-72.76784,42.00279],[-72.75708,42.03629],[-72.60633,42.03114],[-72.50942,42.03457],[-72.49147,41.94781],[-72.513,41.94523],[-72.51659,41.85675],[-72.49506,41.86104],[-72.50583,41.8095],[-72.47711,41.81293],[-72.4484,41.67205],[-72.40892,41.63081],[-72.40892,41.60246],[-72.46634,41.58357],[-72.50583,41.64714],[-72.71401,41.62738],[-72.71401,41.60418],[-72.75349,41.57927],[-72.80015,41.57326],[-72.84322,41.54491],[-72.87911,41.56295],[-72.94731,41.55693],[-72.93295,41.60762],[-72.94013,41.64456],[-72.9832,41.6394],[-73.01551,41.79833],[-72.94731,41.80606],[-72.95449,41.85417],[-72.94013,41.8954],[-72.91501,41.89712],[-72.88629,41.97272],[-73.02986,41.96671],[-73.00833,42.03887]]]}},{"type":"Feature","id":"51025","properties":{"key":"brunswick","st":"VA","name":"Brunswick","fips":"51025"},"geometry":{"type":"Polygon","coordinates":[[[-78.0477,36.54432],[-78.02616,36.77799],[-78.00462,37.02282],[-77.96873,36.9876],[-77.88977,36.98846],[-77.83952,36.99619],[-77.76414,36.97471],[-77.71389,36.91372],[-77.65646,36.89482],[-77.65646,36.71356],[-77.76773,36.54518],[-77.90054,36.54432],[-78.0477,36.54432]]]}},{"type":"Feature","id":"51600","properties":{"key":"fairfax","st":"VA","name":"Fairfax","fips":"51600,51059"},"geometry":{"type":"MultiPolygon","coordinates":[[[[-77.33343,38.85605],[-77.29394,38.87151],[-77.26882,38.84059],[-77.31907,38.83457],[-77.33343,38.85605]]],[[[-77.53443,38.84746],[-77.32984,39.05793],[-77.24728,39.027],[-77.25087,38.98577],[-77.22216,38.97117],[-77.15037,38.96601],[-77.11807,38.93423],[-77.17191,38.89299],[-77.15037,38.87581],[-77.11089,38.84317],[-77.14319,38.82598],[-77.13602,38.79849],[-77.09294,38.80279],[-77.0391,38.78561],[-77.04269,38.7186],[-77.08577,38.70572],[-77.13243,38.67393],[-77.12884,38.63527],[-77.20062,38.61723],[-77.22216,38.63785],[-77.276,38.69455],[-77.36214,38.72204],[-77.43393,38.77959],[-77.49494,38.79849],[-77.5093,38.84145],[-77.53443,38.84746]],[[-77.33343,38.85605],[-77.31907,38.83457],[-77.26882,38.84059],[-77.29394,38.87151],[-77.33343,38.85605]]]]}},{"type":"Feature","id":"42125","properties":{"key":"washington","st":"PA","name":"Washington","fips":"42125"},"geometry":{"type":"Polygon","coordinates":[[[-80.52072,39.96252],[-80.52072,40.01664],[-80.52072,40.15924],[-80.51713,40.39978],[-80.52072,40.4771],[-80.3592,40.47796],[-80.18333,40.33277],[-79.91413,40.25288],[-79.97156,40.23226],[-79.96079,40.21594],[-79.87106,40.19704],[-79.84952,40.17471],[-79.90336,40.15237],[-79.87824,40.1266],[-79.83875,40.09138],[-79.87824,40.06303],[-79.87824,40.0321],[-79.95361,39.99516],[-79.99309,40.00891],[-79.99668,39.98314],[-80.04693,39.97884],[-80.06129,40.00977],[-80.12949,39.98829],[-80.17615,40.00805],[-80.30895,40.00547],[-80.38074,39.99431],[-80.39509,39.97798],[-80.45252,39.97369],[-80.47406,39.95221],[-80.52072,39.96252]]]}},{"type":"Feature","id":"10005","properties":{"key":"sussex","st":"DE","name":"Sussex","fips":"10005"},"geometry":{"type":"Polygon","coordinates":[[[-75.72183,38.83028],[-75.55673,38.83543],[-75.52083,38.85605],[-75.48494,38.90416],[-75.40239,38.91876],[-75.38085,38.96172],[-75.31265,38.94625],[-75.30548,38.91275],[-75.19062,38.80708],[-75.13319,38.78217],[-75.0973,38.80279],[-75.08294,38.77186],[-75.06499,38.66104],[-75.05064,38.45143],[-75.34137,38.45229],[-75.69312,38.46002],[-75.7003,38.56053],[-75.70748,38.63527],[-75.72183,38.83028]]]}},{"type":"Feature","id":"51683","properties":{"key":"manassas","st":"VA","name":"Manassas","fips":"51683"},"geometry":{"type":"Polygon","coordinates":[[[-77.477,38.78131],[-77.45905,38.77272],[-77.45546,38.73578],[-77.52725,38.73321],[-77.477,38.78131]],[[-77.48059,38.75125],[-77.48059,38.75125]]]}},{"type":"Feature","id":"51135","properties":{"key":"nottoway","st":"VA","name":"Nottoway","fips":"51135"},"geometry":{"type":"Polygon","coordinates":[[[-78.23075,37.296],[-77.82516,37.20236],[-77.79645,37.19291],[-77.90054,37.14395],[-77.88977,36.98846],[-77.96873,36.9876],[-78.00462,37.02282],[-78.08359,37.0168],[-78.16973,37.05718],[-78.23075,37.0967],[-78.23793,37.11989],[-78.23075,37.296]]]}},{"type":"Feature","id":"36053","properties":{"key":"madison","st":"NY","name":"Madison","fips":"36053"},"geometry":{"type":"Polygon","coordinates":[[[-75.99462,43.18313],[-75.9336,43.17626],[-75.88335,43.15564],[-75.72542,43.16252],[-75.70748,43.1376],[-75.65364,43.11441],[-75.63928,43.08005],[-75.5998,43.06115],[-75.59621,43.03538],[-75.55314,43.03795],[-75.54237,42.93143],[-75.45623,42.93315],[-75.43828,42.86356],[-75.24805,42.8713],[-75.25164,42.78453],[-75.29471,42.74416],[-75.42751,42.73814],[-75.42751,42.74501],[-75.89053,42.72354],[-75.89771,42.79054],[-75.91924,43.0895],[-75.97667,43.09122],[-75.96949,43.15479],[-75.99462,43.18313]]]}},{"type":"Feature","id":"24003","properties":{"key":"anne arundel","st":"MD","name":"Anne Arundel","fips":"24003"},"geometry":{"type":"Polygon","coordinates":[[[-76.84169,39.10346],[-76.78785,39.12837],[-76.74478,39.17992],[-76.69812,39.21428],[-76.61916,39.23747],[-76.58326,39.20741],[-76.53301,39.20655],[-76.52584,39.1782],[-76.42892,39.13181],[-76.42175,39.07425],[-76.43969,39.05278],[-76.39303,39.01154],[-76.47559,38.97288],[-76.45046,38.9411],[-76.46123,38.90674],[-76.49353,38.91017],[-76.51866,38.86292],[-76.49712,38.81739],[-76.55814,38.76757],[-76.52942,38.71345],[-76.62275,38.72633],[-76.62275,38.76757],[-76.68735,38.74867],[-76.70171,38.78819],[-76.69094,38.85949],[-76.66941,38.90674],[-76.69094,38.92478],[-76.69812,38.98405],[-76.75196,39.03474],[-76.8381,39.07168],[-76.84169,39.10346]]]}},{"type":"Feature","id":"42083","properties":{"key":"mckean","st":"PA","name":"McKean","fips":"42083"},"geometry":{"type":"Polygon","coordinates":[[[-78.91989,41.99849],[-78.30971,41.99935],[-78.20563,41.99935],[-78.20204,41.61793],[-78.42098,41.61707],[-78.41739,41.60246],[-78.482,41.60246],[-78.482,41.62995],[-78.67223,41.6248],[-78.95579,41.62394],[-78.94861,41.83012],[-78.91631,41.84128],[-78.91989,41.99849]]]}},{"type":"Feature","id":"51153","properties":{"key":"prince william","st":"VA","name":"Prince William","fips":"51153"},"geometry":{"type":"MultiPolygon","coordinates":[[[[-77.48059,38.75125],[-77.48059,38.75125]]],[[[-77.65646,38.94282],[-77.62057,38.93165],[-77.59186,38.89729],[-77.55237,38.88698],[-77.53443,38.84746],[-77.5093,38.84145],[-77.49494,38.79849],[-77.43393,38.77959],[-77.36214,38.72204],[-77.276,38.69455],[-77.22216,38.63785],[-77.24728,38.63527],[-77.24728,38.5906],[-77.30112,38.5047],[-77.37291,38.52102],[-77.41957,38.56397],[-77.48777,38.59146],[-77.53084,38.55624],[-77.7103,38.82341],[-77.69236,38.88698],[-77.65646,38.94282]],[[-77.45905,38.77272],[-77.43393,38.77959],[-77.477,38.78131],[-77.52725,38.73321],[-77.45546,38.73578],[-77.45905,38.77272]]]]}},{"type":"Feature","id":"34007","properties":{"key":"camden","st":"NJ","name":"Camden","fips":"34007"},"geometry":{"type":"Polygon","coordinates":[[[-75.0614,39.99173],[-75.01115,39.9797],[-75.01474,39.94706],[-74.97526,39.93847],[-74.93219,39.88606],[-74.90347,39.79071],[-74.82092,39.78813],[-74.73478,39.72971],[-74.87835,39.60859],[-74.94296,39.69879],[-74.98603,39.70652],[-75.09012,39.81476],[-75.08294,39.84053],[-75.14037,39.88864],[-75.1296,39.95908],[-75.0614,39.99173]]]}},{"type":"Feature","id":"51167","properties":{"key":"russell","st":"VA","name":"Russell","fips":"51167"},"geometry":{"type":"Polygon","coordinates":[[[-82.32613,36.97127],[-82.28665,36.99876],[-82.26153,36.98931],[-82.19692,37.03141],[-82.15026,37.04172],[-82.0354,37.05117],[-81.98874,37.12848],[-81.9026,37.14223],[-81.89183,37.11302],[-81.82722,37.05374],[-81.78056,36.95839],[-81.83799,36.92918],[-81.88465,36.88966],[-81.94567,36.86475],[-81.98156,36.87935],[-82.07488,36.85616],[-82.11796,36.8175],[-82.1036,36.7986],[-82.22563,36.76252],[-82.33331,36.70926],[-82.35485,36.7797],[-82.4051,36.87678],[-82.29742,36.90599],[-82.32613,36.97127]]]}},{"type":"Feature","id":"51029","properties":{"key":"buckingham","st":"VA","name":"Buckingham","fips":"51029"},"geometry":{"type":"Polygon","coordinates":[[[-78.64352,37.73326],[-78.6148,37.7556],[-78.49995,37.76161],[-78.49277,37.79683],[-78.46405,37.75989],[-78.42098,37.74013],[-78.24152,37.69031],[-78.2487,37.63533],[-78.46405,37.33981],[-78.51072,37.3295],[-78.5502,37.34668],[-78.59327,37.39823],[-78.62916,37.38448],[-78.63634,37.41627],[-78.683,37.42915],[-78.70454,37.45578],[-78.82657,37.55286],[-78.80145,37.6422],[-78.74043,37.63189],[-78.71889,37.66196],[-78.63993,37.68601],[-78.64352,37.73326]]]}},{"type":"Feature","id":"34033","properties":{"key":"salem","st":"NJ","name":"Salem","fips":"34033"},"geometry":{"type":"Polygon","coordinates":[[[-75.56032,39.63006],[-75.51007,39.6859],[-75.47776,39.71339],[-75.45982,39.7658],[-75.41315,39.79414],[-75.37726,39.72628],[-75.32701,39.6902],[-75.20139,39.667],[-75.0614,39.56907],[-75.07576,39.54416],[-75.08294,39.45739],[-75.23728,39.55876],[-75.36649,39.45653],[-75.41315,39.4531],[-75.40598,39.3818],[-75.4311,39.39125],[-75.46699,39.43935],[-75.53519,39.46083],[-75.51365,39.5811],[-75.55673,39.60601],[-75.56032,39.63006]]]}},{"type":"Feature","id":"36115","properties":{"key":"washington","st":"NY","name":"Washington","fips":"36115"},"geometry":{"type":"Polygon","coordinates":[[[-73.43904,43.80338],[-73.37802,43.80853],[-73.34931,43.77159],[-73.36367,43.75355],[-73.40674,43.68826],[-73.43186,43.59033],[-73.39597,43.56799],[-73.37085,43.62469],[-73.30265,43.62469],[-73.29547,43.57916],[-73.24881,43.55425],[-73.25599,43.31457],[-73.27394,42.94346],[-73.38161,42.94346],[-73.43186,42.95806],[-73.44981,42.94432],[-73.63645,42.94088],[-73.57903,43.05599],[-73.57544,43.11871],[-73.58979,43.13417],[-73.57903,43.20891],[-73.60056,43.26818],[-73.59338,43.30598],[-73.62928,43.48638],[-73.60774,43.55253],[-73.52519,43.63586],[-73.49288,43.65476],[-73.46058,43.74066],[-73.47135,43.77159],[-73.43904,43.80338]]]}},{"type":"Feature","id":"42011","properties":{"key":"berks","st":"PA","name":"Berks","fips":"42011"},"geometry":{"type":"Polygon","coordinates":[[[-75.89053,40.67726],[-75.64287,40.51747],[-75.52801,40.44703],[-75.69671,40.24171],[-75.87258,40.13691],[-76.15255,40.31559],[-76.43969,40.496],[-76.33919,40.51575],[-76.25664,40.51747],[-76.1705,40.53465],[-76.06641,40.57932],[-76.01257,40.57761],[-75.99462,40.63946],[-75.89053,40.67726]]]}},{"type":"Feature","id":"51015","properties":{"key":"augusta","st":"VA","name":"Augusta","fips":"51015"},"geometry":{"type":"Polygon","coordinates":[[[-79.51213,38.18083],[-79.47982,38.21605],[-79.43675,38.21605],[-79.40804,38.24268],[-79.40804,38.2779],[-79.32548,38.38099],[-79.31113,38.41192],[-79.22498,38.47806],[-78.91272,38.30368],[-78.89477,38.30625],[-78.74761,38.2066],[-78.78709,38.12671],[-78.77991,38.08118],[-78.83734,38.04768],[-78.87323,38.02878],[-78.90554,37.94631],[-78.94143,37.94029],[-79.00604,37.88188],[-79.04552,37.89047],[-79.06347,37.9171],[-79.15679,37.89133],[-79.1855,37.91452],[-79.48341,38.08633],[-79.49418,38.09578],[-79.43675,38.16279],[-79.47982,38.17052],[-79.52649,38.15162],[-79.51213,38.18083]],[[-79.11372,38.1542],[-79.085,38.12671],[-79.04911,38.12241],[-79.02039,38.14389],[-79.00963,38.18169],[-79.03475,38.19887],[-79.09218,38.18598],[-79.11372,38.1542]],[[-78.94861,38.06915],[-78.92348,38.03135],[-78.87323,38.0408],[-78.86606,38.09578],[-78.90554,38.10008],[-78.94861,38.06915]]]}},{"type":"Feature","id":"24025","properties":{"key":"harford","st":"MD","name":"Harford","fips":"24025"},"geometry":{"type":"Polygon","coordinates":[[[-76.56891,39.72112],[-76.23869,39.72198],[-76.23151,39.72198],[-76.21357,39.68676],[-76.17408,39.66013],[-76.14896,39.61976],[-76.07717,39.5433],[-76.11666,39.49605],[-76.07358,39.47543],[-76.05923,39.44794],[-76.1023,39.43592],[-76.22433,39.35259],[-76.24946,39.37922],[-76.22433,39.42561],[-76.25305,39.44966],[-76.25305,39.41186],[-76.28535,39.36805],[-76.25664,39.33884],[-76.28176,39.29933],[-76.31407,39.38953],[-76.35714,39.38953],[-76.38585,39.45997],[-76.4361,39.50206],[-76.53301,39.54416],[-76.56532,39.6146],[-76.56891,39.72112]]]}},{"type":"Feature","id":"42001","properties":{"key":"adams","st":"PA","name":"Adams","fips":"42001"},"geometry":{"type":"Polygon","coordinates":[[[-77.46982,39.94448],[-77.40521,39.99431],[-77.18627,40.02953],[-77.13602,40.0699],[-77.06782,40.02867],[-77.01757,40.01406],[-76.96732,39.93503],[-76.98527,39.8938],[-76.95655,39.85686],[-76.99962,39.83108],[-76.99962,39.72027],[-77.21857,39.72027],[-77.45905,39.72027],[-77.46982,39.94448]]]}},{"type":"Feature","id":"51113","properties":{"key":"madison","st":"VA","name":"Madison","fips":"51113"},"geometry":{"type":"Polygon","coordinates":[[[-78.33843,38.62754],[-78.23075,38.53219],[-78.11948,38.43425],[-78.09795,38.38615],[-78.11948,38.36896],[-78.08359,38.32773],[-78.09436,38.31141],[-78.12666,38.2822],[-78.18409,38.2676],[-78.17691,38.25471],[-78.25229,38.23409],[-78.28818,38.27275],[-78.3492,38.27704],[-78.42816,38.36725],[-78.44252,38.4102],[-78.43534,38.44972],[-78.45329,38.47549],[-78.43534,38.52188],[-78.3815,38.56139],[-78.38509,38.58287],[-78.33843,38.62754]]]}},{"type":"Feature","id":"51193","properties":{"key":"westmoreland","st":"VA","name":"Westmoreland","fips":"51193"},"geometry":{"type":"Polygon","coordinates":[[[-76.99603,38.2779],[-76.96373,38.25643],[-76.96373,38.21433],[-76.8381,38.16365],[-76.74837,38.16193],[-76.72325,38.13788],[-76.70171,38.15592],[-76.61557,38.14819],[-76.60121,38.11039],[-76.54378,38.07688],[-76.51866,38.03479],[-76.5725,38.02706],[-76.61557,38.00129],[-76.63351,37.96692],[-76.65505,37.98239],[-76.76632,38.00129],[-76.75914,38.03221],[-76.82375,38.06486],[-76.87759,38.12413],[-76.9386,38.07688],[-77.00321,38.10867],[-77.03193,38.09149],[-77.06064,38.16193],[-77.04628,38.20059],[-77.04628,38.26072],[-76.99603,38.2779]]]}},{"type":"Feature","id":"36037","properties":{"key":"genesee","st":"NY","name":"Genesee","fips":"36037"},"geometry":{"type":"Polygon","coordinates":[[[-78.46405,43.12901],[-77.99745,43.13331],[-77.90771,43.13331],[-77.95079,43.03967],[-77.90412,43.03709],[-77.9113,42.98813],[-77.9113,42.94518],[-77.95437,42.90566],[-77.95437,42.86271],[-78.07282,42.87044],[-78.46405,42.86786],[-78.46405,43.08864],[-78.46405,43.12901]]]}},{"type":"Feature","id":"51103","properties":{"key":"lancaster","st":"VA","name":"Lancaster","fips":"51103"},"geometry":{"type":"Polygon","coordinates":[[[-76.50789,37.83892],[-76.46841,37.8226],[-76.42892,37.82862],[-76.40021,37.78051],[-76.36432,37.76848],[-76.37509,37.71178],[-76.32125,37.68086],[-76.33919,37.65594],[-76.29253,37.63619],[-76.36073,37.61041],[-76.472,37.66539],[-76.51148,37.6422],[-76.5366,37.66368],[-76.5366,37.6989],[-76.58326,37.76848],[-76.64069,37.79254],[-76.58685,37.81143],[-76.56532,37.83721],[-76.50789,37.83892]]]}},{"type":"Feature","id":"51057","properties":{"key":"essex","st":"VA","name":"Essex","fips":"51057"},"geometry":{"type":"Polygon","coordinates":[[[-77.11448,38.1499],[-77.06064,38.16193],[-77.03193,38.09149],[-77.00321,38.10867],[-76.9386,38.07688],[-76.9063,37.99871],[-76.9063,37.97294],[-76.8058,37.89648],[-76.73401,37.79855],[-76.68376,37.7702],[-76.75196,37.72896],[-76.8058,37.79511],[-76.874,37.78309],[-76.9063,37.79597],[-76.94219,37.78309],[-76.94578,37.82776],[-77.00321,37.83635],[-77.04269,37.86899],[-77.02116,37.88531],[-77.03193,37.92569],[-77.07141,37.96435],[-77.08935,38.01331],[-77.16832,38.07946],[-77.14319,38.1207],[-77.1073,38.12585],[-77.11448,38.1499]]]}},{"type":"Feature","id":"25001","properties":{"key":"barnstable","st":"MA","name":"Barnstable","fips":"25001"},"geometry":{"type":"Polygon","coordinates":[[[-70.69323,41.52601],[-70.65734,41.54319],[-70.63939,41.57755],[-70.64298,41.71844],[-70.63221,41.76311],[-70.56402,41.7863],[-70.53889,41.81122],[-70.49582,41.77428],[-70.41327,41.74421],[-70.29123,41.7339],[-70.25893,41.71414],[-70.19073,41.75194],[-70.12253,41.75881],[-70.02562,41.78716],[-70.00409,41.80864],[-70.00768,41.8765],[-70.02921,41.92891],[-70.07587,41.90228],[-70.07587,41.98561],[-70.09382,42.03285],[-70.14766,42.06206],[-70.17996,42.05605],[-70.19791,42.02255],[-70.23739,42.07323],[-70.19073,42.08268],[-70.11536,42.06722],[-70.0328,42.01739],[-69.9682,41.91173],[-69.93589,41.8095],[-69.92871,41.69181],[-69.98255,41.58099],[-69.98973,41.54319],[-70.01486,41.55092],[-69.97178,41.64714],[-69.99691,41.66689],[-70.09023,41.6626],[-70.24457,41.62824],[-70.35225,41.63511],[-70.37737,41.61106],[-70.43839,41.60504],[-70.49223,41.55178],[-70.61068,41.54319],[-70.66811,41.51312],[-70.69323,41.52601]]]}},{"type":"Feature","id":"42133","properties":{"key":"york","st":"PA","name":"York","fips":"42133"},"geometry":{"type":"Polygon","coordinates":[[[-77.13602,40.0699],[-77.02834,40.14808],[-76.97809,40.1644],[-76.9063,40.16612],[-76.92784,40.19704],[-76.89553,40.22453],[-76.85964,40.22625],[-76.75555,40.17728],[-76.72325,40.11973],[-76.66223,40.06303],[-76.5725,40.04585],[-76.5366,40.051],[-76.49712,39.99688],[-76.47917,39.94963],[-76.39303,39.91269],[-76.38226,39.87404],[-76.33919,39.82163],[-76.27458,39.77524],[-76.23869,39.72198],[-76.56891,39.72112],[-76.78785,39.72112],[-76.99962,39.72027],[-76.99962,39.83108],[-76.95655,39.85686],[-76.98527,39.8938],[-76.96732,39.93503],[-77.01757,40.01406],[-77.06782,40.02867],[-77.13602,40.0699]]]}},{"type":"Feature","id":"36113","properties":{"key":"warren","st":"NY","name":"Warren","fips":"36113"},"geometry":{"type":"Polygon","coordinates":[[[-74.0564,43.7441],[-73.43904,43.80338],[-73.47135,43.77159],[-73.46058,43.74066],[-73.49288,43.65476],[-73.52519,43.63586],[-73.60774,43.55253],[-73.62928,43.48638],[-73.59338,43.30598],[-73.64363,43.30426],[-73.73695,43.26732],[-73.76926,43.22265],[-73.80156,43.25014],[-73.83386,43.24928],[-73.82669,43.30512],[-73.85899,43.33003],[-73.88412,43.3979],[-74.16049,43.37127],[-74.21433,43.72864],[-74.0564,43.7441]]]}},{"type":"Feature","id":"24021","properties":{"key":"frederick","st":"MD","name":"Frederick","fips":"24021"},"geometry":{"type":"Polygon","coordinates":[[[-77.678,39.32424],[-77.61698,39.46942],[-77.62416,39.50722],[-77.59903,39.54072],[-77.57032,39.61976],[-77.52007,39.64037],[-77.49136,39.67645],[-77.5093,39.68418],[-77.46982,39.72027],[-77.45905,39.72027],[-77.21857,39.72027],[-77.21498,39.69879],[-77.26164,39.66529],[-77.276,39.63264],[-77.31189,39.63951],[-77.28677,39.60429],[-77.19703,39.57508],[-77.11089,39.49777],[-77.11448,39.45997],[-77.14678,39.41874],[-77.16832,39.35431],[-77.16832,39.35345],[-77.45905,39.22029],[-77.49494,39.25122],[-77.54161,39.26496],[-77.56314,39.30362],[-77.61698,39.30276],[-77.678,39.32424]]]}},{"type":"Feature","id":"36025","properties":{"key":"delaware","st":"NY","name":"Delaware","fips":"36025"},"geometry":{"type":"Polygon","coordinates":[[[-75.41674,42.19522],[-75.41674,42.31377],[-75.30906,42.3215],[-75.2624,42.36703],[-75.1978,42.35844],[-75.09371,42.42029],[-75.01833,42.42888],[-74.96808,42.4684],[-74.84246,42.51221],[-74.77426,42.50534],[-74.71324,42.51822],[-74.61992,42.42458],[-74.44404,42.355],[-74.42969,42.34899],[-74.53737,42.20123],[-74.45122,42.16944],[-74.78144,42.01653],[-75.14755,41.85073],[-75.20856,41.86963],[-75.2624,41.8662],[-75.29112,41.9521],[-75.30906,41.94867],[-75.35931,41.99935],[-75.40239,41.99935],[-75.42033,42.0423],[-75.41674,42.19522]]]}},{"type":"Feature","id":"42091","properties":{"key":"montgomery","st":"PA","name":"Montgomery","fips":"42091"},"geometry":{"type":"Polygon","coordinates":[[[-75.69671,40.24171],[-75.52801,40.44703],[-75.48494,40.41868],[-75.10806,40.19189],[-75.01474,40.13777],[-75.11165,40.04671],[-75.17626,40.08451],[-75.22292,40.0931],[-75.26599,40.05444],[-75.20498,40.01149],[-75.27676,39.97712],[-75.35931,40.06561],[-75.39162,40.06131],[-75.42033,40.09739],[-75.45623,40.08794],[-75.45982,40.12488],[-75.52801,40.14979],[-75.55673,40.20735],[-75.57467,40.19533],[-75.5998,40.23828],[-75.61415,40.22281],[-75.69671,40.24171]]]}},{"type":"Feature","id":"42061","properties":{"key":"huntingdon","st":"PA","name":"Huntingdon","fips":"42061"},"geometry":{"type":"Polygon","coordinates":[[[-78.11589,40.73911],[-77.94361,40.69186],[-77.82516,40.74341],[-77.76773,40.71935],[-77.68159,40.72966],[-77.70312,40.67983],[-77.68159,40.68241],[-77.78927,40.61197],[-77.84311,40.55012],[-77.82516,40.49256],[-77.91489,40.39892],[-77.85746,40.36542],[-77.76055,40.36886],[-77.75337,40.3783],[-77.70312,40.26319],[-77.72466,40.2503],[-77.79645,40.16698],[-77.86464,40.06131],[-77.92566,40.10169],[-78.08,40.13347],[-78.13384,40.16526],[-78.23793,40.22453],[-78.25588,40.29755],[-78.13384,40.47366],[-78.15179,40.48826],[-78.1482,40.54153],[-78.19845,40.55871],[-78.16614,40.61798],[-78.22357,40.67468],[-78.20563,40.69616],[-78.11589,40.73911]]]}},{"type":"Feature","id":"42129","properties":{"key":"westmoreland","st":"PA","name":"Westmoreland","fips":"42129"},"geometry":{"type":"Polygon","coordinates":[[[-79.87106,40.19704],[-79.78133,40.22797],[-79.80645,40.23312],[-79.76338,40.39291],[-79.73466,40.39806],[-79.70595,40.43414],[-79.70236,40.5252],[-79.76697,40.55012],[-79.77415,40.58104],[-79.72031,40.60767],[-79.688,40.6429],[-79.69159,40.66953],[-79.67006,40.67983],[-79.5875,40.62743],[-79.56238,40.56386],[-79.49777,40.5252],[-79.45111,40.53036],[-79.44752,40.48053],[-79.42957,40.48912],[-79.39368,40.45734],[-79.32548,40.45304],[-79.15679,40.41181],[-79.11731,40.39463],[-79.1209,40.37057],[-79.05988,40.38088],[-79.01681,40.4204],[-78.97373,40.39635],[-79.05629,40.28467],[-79.14243,40.16354],[-79.16038,40.16096],[-79.1855,40.10942],[-79.21063,40.11887],[-79.25729,40.0888],[-79.29318,40.04069],[-79.34343,40.04413],[-79.3542,40.0742],[-79.48341,40.14378],[-79.58032,40.10512],[-79.59468,40.08193],[-79.63775,40.08279],[-79.68441,40.11371],[-79.74543,40.12832],[-79.87824,40.1266],[-79.90336,40.15237],[-79.84952,40.17471],[-79.87106,40.19704]]]}},{"type":"Feature","id":"51019","properties":{"key":"bedford","st":"VA","name":"Bedford","fips":"51019"},"geometry":{"type":"Polygon","coordinates":[[[-79.84593,37.30974],[-79.7885,37.35098],[-79.77774,37.3819],[-79.81363,37.40338],[-79.7562,37.42572],[-79.69159,37.4764],[-79.65929,37.48499],[-79.63416,37.45664],[-79.5875,37.44977],[-79.56597,37.48757],[-79.49777,37.5331],[-79.43316,37.57262],[-79.45829,37.60612],[-79.43675,37.61729],[-79.37932,37.59066],[-79.36856,37.55114],[-79.33625,37.51506],[-79.29677,37.50131],[-79.22498,37.50647],[-79.1855,37.46609],[-79.21063,37.46867],[-79.26806,37.43087],[-79.23216,37.39307],[-79.25729,37.35613],[-79.44393,37.05546],[-79.49059,37.05804],[-79.46188,37.02196],[-79.47982,37.00564],[-79.54084,37.04601],[-79.59468,37.04258],[-79.67724,37.15511],[-79.70595,37.15168],[-79.7239,37.19205],[-79.84593,37.22556],[-79.8567,37.26679],[-79.84593,37.30974]]]}},{"type":"Feature","id":"51630","properties":{"key":"fredericksburg","st":"VA","name":"Fredericksburg","fips":"51630"},"geometry":{"type":"Polygon","coordinates":[[[-77.44828,38.28478],[-77.51289,38.27962],[-77.53084,38.30883],[-77.50212,38.32601],[-77.46623,38.31828],[-77.44828,38.28478]]]}},{"type":"Feature","id":"51810","properties":{"key":"virginia beach","st":"VA","name":"Virginia Beach","fips":"51810"},"geometry":{"type":"Polygon","coordinates":[[[-76.22433,36.83984],[-76.19562,36.82781],[-76.18485,36.9309],[-76.09512,36.90856],[-76.0341,36.93176],[-75.99462,36.92231],[-75.96591,36.81235],[-75.92283,36.69208],[-75.89053,36.63109],[-75.86541,36.55033],[-76.12383,36.55033],[-76.12025,36.66545],[-76.07,36.67748],[-76.08076,36.7127],[-76.14178,36.75737],[-76.2028,36.7694],[-76.22433,36.83984]]]}},{"type":"Feature","id":"51125","properties":{"key":"nelson","st":"VA","name":"Nelson","fips":"51125"},"geometry":{"type":"Polygon","coordinates":[[[-79.15679,37.89133],[-79.06347,37.9171],[-79.04552,37.89047],[-79.00604,37.88188],[-78.94143,37.94029],[-78.90554,37.94631],[-78.87323,38.02878],[-78.83734,38.04768],[-78.66864,37.75903],[-78.68659,37.73756],[-78.64352,37.73326],[-78.63993,37.68601],[-78.71889,37.66196],[-78.74043,37.63189],[-78.80145,37.6422],[-78.82657,37.55286],[-78.86964,37.54169],[-78.89836,37.54427],[-78.9845,37.69546],[-79.06706,37.72037],[-79.07064,37.77793],[-79.11013,37.7848],[-79.13884,37.81401],[-79.17115,37.80284],[-79.14602,37.85611],[-79.15679,37.89133]]]}},{"type":"Feature","id":"34015","properties":{"key":"gloucester","st":"NJ","name":"Gloucester","fips":"34015"},"geometry":{"type":"Polygon","coordinates":[[[-75.41674,39.80188],[-75.35573,39.83967],[-75.26958,39.84912],[-75.21215,39.86545],[-75.14037,39.88864],[-75.08294,39.84053],[-75.09012,39.81476],[-74.98603,39.70652],[-74.94296,39.69879],[-74.87835,39.60859],[-74.98603,39.51495],[-75.0614,39.56907],[-75.20139,39.667],[-75.32701,39.6902],[-75.37726,39.72628],[-75.41315,39.79414],[-75.41674,39.80188]]]}},{"type":"Feature","id":"42043","properties":{"key":"dauphin","st":"PA","name":"Dauphin","fips":"42043"},"geometry":{"type":"Polygon","coordinates":[[[-76.94937,40.62829],[-76.91707,40.60338],[-76.74837,40.6532],[-76.70171,40.65836],[-76.5366,40.55527],[-76.67659,40.47452],[-76.62634,40.33965],[-76.56532,40.19704],[-76.6048,40.19017],[-76.67659,40.14979],[-76.69812,40.15667],[-76.72325,40.11973],[-76.75555,40.17728],[-76.85964,40.22625],[-76.92425,40.28982],[-76.91348,40.32848],[-76.9386,40.35769],[-77.0068,40.35855],[-77.02834,40.39119],[-76.95296,40.46249],[-76.94937,40.48483],[-76.98527,40.51661],[-76.99244,40.5673],[-76.96373,40.58706],[-76.94937,40.62829]]]}},{"type":"Feature","id":"51580","properties":{"key":"covington","st":"VA","name":"Covington","fips":"51580"},"geometry":{"type":"Polygon","coordinates":[[[-80.00745,37.76075],[-79.98591,37.81401],[-79.96797,37.8037],[-79.99309,37.74786],[-80.00745,37.76075]]]}},{"type":"Feature","id":"36123","properties":{"key":"yates","st":"NY","name":"Yates","fips":"36123"},"geometry":{"type":"Polygon","coordinates":[[[-76.97091,42.76391],[-76.94578,42.76477],[-76.93501,42.71581],[-76.89553,42.6634],[-76.89553,42.54142],[-76.88835,42.46324],[-76.98885,42.46324],[-76.98885,42.48472],[-77.1073,42.48386],[-77.1073,42.5062],[-77.15037,42.50018],[-77.14319,42.57664],[-77.36573,42.57664],[-77.36573,42.6677],[-77.31189,42.76134],[-76.97091,42.76391]]]}},{"type":"Feature","id":"51105","properties":{"key":"lee","st":"VA","name":"Lee","fips":"51105"},"geometry":{"type":"Polygon","coordinates":[[[-83.46035,36.66459],[-83.43164,36.66631],[-83.31319,36.70926],[-83.19474,36.73933],[-83.13731,36.74276],[-83.13014,36.78572],[-83.07271,36.85444],[-82.96862,36.85788],[-82.87889,36.8931],[-82.83581,36.84757],[-82.77121,36.80032],[-82.82864,36.74706],[-82.82505,36.73331],[-82.94708,36.67576],[-82.98656,36.59415],[-83.25935,36.59415],[-83.2773,36.59844],[-83.47112,36.59758],[-83.67571,36.60102],[-83.64699,36.62421],[-83.52855,36.66631],[-83.46035,36.66459]]]}},{"type":"Feature","id":"42015","properties":{"key":"bradford","st":"PA","name":"Bradford","fips":"42015"},"geometry":{"type":"Polygon","coordinates":[[[-76.55814,42.00021],[-76.14537,41.99849],[-76.12025,41.7382],[-76.11666,41.65143],[-76.19921,41.648],[-76.22075,41.54147],[-76.81298,41.59044],[-76.874,41.59731],[-76.89912,41.8095],[-76.92784,42.00193],[-76.55814,42.00021]]]}},{"type":"Feature","id":"24033","properties":{"key":"prince georges","st":"MD","name":"Prince George's","fips":"24033"},"geometry":{"type":"Polygon","coordinates":[[[-77.0391,38.78561],[-77.0391,38.79162],[-76.90989,38.89299],[-77.00321,38.96515],[-76.99244,38.99264],[-76.88835,39.13095],[-76.84169,39.10346],[-76.8381,39.07168],[-76.75196,39.03474],[-76.69812,38.98405],[-76.69094,38.92478],[-76.66941,38.90674],[-76.69094,38.85949],[-76.70171,38.78819],[-76.68735,38.74867],[-76.70171,38.71087],[-76.673,38.61723],[-76.67659,38.53562],[-76.74119,38.55882],[-76.74837,38.61809],[-76.86323,38.65847],[-76.96732,38.66104],[-77.02116,38.64644],[-77.04628,38.61637],[-77.08577,38.70572],[-77.04269,38.7186],[-77.0391,38.78561]]]}},{"type":"Feature","id":"25017","properties":{"key":"middlesex","st":"MA","name":"Middlesex","fips":"25017"},"geometry":{"type":"Polygon","coordinates":[[[-71.89924,42.71151],[-71.29264,42.69691],[-71.25675,42.73642],[-71.23881,42.66942],[-71.25675,42.65653],[-71.13472,42.59897],[-71.05934,42.60928],[-71.02704,42.57406],[-71.05575,42.57406],[-71.0737,42.53111],[-71.0378,42.52424],[-71.05216,42.47613],[-71.02704,42.44434],[-71.07011,42.36789],[-71.10241,42.35242],[-71.13113,42.3739],[-71.1742,42.35071],[-71.15625,42.33009],[-71.16343,42.30346],[-71.19214,42.28284],[-71.22804,42.31892],[-71.27111,42.32837],[-71.32854,42.31377],[-71.30341,42.24848],[-71.33213,42.24934],[-71.34289,42.20037],[-71.42904,42.17975],[-71.47929,42.15656],[-71.50441,42.19178],[-71.55466,42.18233],[-71.60132,42.21841],[-71.55825,42.26824],[-71.508,42.26394],[-71.48647,42.33009],[-71.58338,42.31119],[-71.62645,42.35071],[-71.55825,42.4117],[-71.5439,42.46668],[-71.56184,42.47441],[-71.52954,42.51994],[-71.54031,42.54314],[-71.61927,42.55258],[-71.63722,42.52424],[-71.68029,42.53025],[-71.66593,42.61186],[-71.7772,42.6445],[-71.85975,42.6342],[-71.85616,42.67457],[-71.89924,42.71151]]]}},{"type":"Feature","id":"42055","properties":{"key":"franklin","st":"PA","name":"Franklin","fips":"42055"},"geometry":{"type":"Polygon","coordinates":[[[-78.09795,39.72284],[-78.00104,39.82679],[-77.91848,40.00375],[-77.86464,40.06131],[-77.79645,40.16698],[-77.72466,40.2503],[-77.70312,40.26319],[-77.67082,40.28982],[-77.63852,40.21766],[-77.60262,40.22797],[-77.61339,40.19876],[-77.6098,40.15237],[-77.56314,40.11887],[-77.53084,40.04843],[-77.45546,39.97283],[-77.46982,39.94448],[-77.45905,39.72027],[-77.46982,39.72027],[-78.09795,39.72284]]]}},{"type":"Feature","id":"34031","properties":{"key":"passaic","st":"NJ","name":"Passaic","fips":"34031"},"geometry":{"type":"Polygon","coordinates":[[[-74.50147,41.08617],[-74.36867,41.20386],[-74.23587,41.14287],[-74.21074,41.13342],[-74.27176,41.02088],[-74.25022,40.99167],[-74.14254,40.96676],[-74.12101,40.85852],[-74.13178,40.81986],[-74.27176,40.89718],[-74.27894,40.97363],[-74.30047,40.9994],[-74.39021,41.01229],[-74.44763,41.05438],[-74.50147,41.04236],[-74.50147,41.08617]]]}},{"type":"Feature","id":"36069","properties":{"key":"ontario","st":"NY","name":"Ontario","fips":"36069"},"geometry":{"type":"Polygon","coordinates":[[[-77.58109,42.94432],[-77.48418,42.94346],[-77.48418,43.03452],[-77.37291,43.03452],[-77.13602,43.03967],[-77.13243,43.01218],[-76.96373,43.01304],[-76.96373,42.87301],[-76.98168,42.85669],[-76.97091,42.76391],[-77.31189,42.76134],[-77.36573,42.6677],[-77.36573,42.57664],[-77.49136,42.5775],[-77.48777,42.67028],[-77.59903,42.67199],[-77.61339,42.76305],[-77.58827,42.76305],[-77.58827,42.85411],[-77.54519,42.86528],[-77.58109,42.94432]]]}}]}